0,0,0,0,0,0,0,0,-9,0,9,0,-9,-16,0,-445,12,444,6,-427,-782,0
10,0,0,0,0,0,-1,0,-18,0,18,0,-17,-31,0,-445,12,444,6,-427,-782,0
20,-1,0,1,0,-1,-1,0,-27,1,27,0,-26,-47,0,-445,12,444,6,-427,-782,0
30,-1,0,1,0,-1,-3,0,-36,1,36,0,-34,-63,0,-445,12,444,6,-427,-782,0
40,-2,0,2,0,-2,-4,0,-44,1,44,1,-43,-78,0,-445,12,444,6,-427,-782,0
50,-3,0,3,0,-3,-6,0,-53,1,53,1,-51,-94,0,-445,12,444,6,-427,-782,0
60,-4,0,4,0,-4,-8,0,-62,2,62,1,-60,-110,0,-445,12,444,6,-427,-782,0
70,-6,0,6,0,-5,-10,0,-71,2,71,1,-68,-125,0,-445,12,444,6,-427,-782,0
80,-7,0,7,0,-7,-13,0,-80,2,80,1,-77,-141,0,-445,12,444,6,-427,-782,0
90,-9,0,9,0,-9,-16,0,-89,2,89,1,-85,-156,0,-445,12,444,6,-427,-782,0
100,-11,0,11,0,-10,-19,0,-98,3,98,1,-94,-172,0,-445,12,444,6,-427,-782,0
110,-13,0,13,0,-12,-23,0,-107,3,107,1,-102,-188,0,-445,12,444,6,-427,-782,0
120,-15,0,15,0,-14,-26,0,-116,3,116,1,-111,-203,0,-445,12,444,6,-427,-782,0
130,-17,0,17,0,-17,-31,0,-125,3,124,2,-119,-219,0,-445,12,444,6,-427,-782,0
140,-20,1,20,0,-19,-35,0,-133,4,133,2,-128,-235,0,-445,12,444,6,-427,-782,0
150,-23,1,23,0,-22,-40,0,-142,4,142,2,-137,-250,0,-445,12,444,6,-427,-782,0
160,-26,1,26,0,-25,-45,0,-151,4,151,2,-145,-266,0,-445,12,444,6,-427,-782,0
170,-29,1,29,0,-28,-51,0,-160,4,160,2,-154,-282,0,-445,12,444,6,-427,-782,0
180,-32,1,32,0,-31,-56,0,-169,5,169,2,-162,-297,0,-445,12,444,6,-427,-782,0
190,-36,1,36,0,-34,-63,0,-178,5,178,2,-171,-313,0,-445,12,444,6,-427,-782,0
200,-39,1,39,1,-38,-69,0,-187,5,187,2,-179,-329,0,-445,12,444,6,-427,-782,0
210,-43,1,43,1,-41,-76,0,-196,5,196,3,-188,-344,0,-445,12,444,6,-427,-782,0
220,-47,1,47,1,-45,-83,0,-205,5,204,3,-196,-360,0,-445,12,444,6,-427,-782,0
230,-51,1,51,1,-49,-90,0,-213,6,213,3,-205,-375,0,-445,12,444,6,-427,-782,0
240,-56,1,56,1,-53,-98,0,-222,6,222,3,-213,-391,0,-445,12,444,6,-427,-782,0
250,-60,2,60,1,-58,-106,0,-231,6,231,3,-222,-407,0,-445,12,444,6,-427,-782,0
260,-65,2,65,1,-62,-114,0,-240,6,240,3,-230,-422,0,-445,12,444,6,-427,-782,0
270,-70,2,70,1,-67,-123,0,-249,7,249,3,-239,-438,0,-445,12,444,6,-427,-782,0
280,-75,2,75,1,-72,-132,0,-258,7,258,3,-248,-454,0,-445,12,444,6,-427,-782,0
290,-80,2,80,1,-77,-141,0,-267,7,267,3,-256,-469,0,-445,12,444,6,-427,-782,0
300,-85,2,85,1,-82,-150,0,-276,7,275,4,-265,-485,0,-445,12,444,6,-427,-782,0
310,-91,2,91,1,-87,-160,0,-285,8,284,4,-273,-501,0,-445,12,444,6,-427,-782,0
320,-97,3,97,1,-93,-170,0,-294,8,293,4,-282,-516,0,-445,12,444,6,-427,-782,0
330,-103,3,103,1,-99,-181,0,-302,8,302,4,-290,-532,0,-445,12,444,6,-427,-782,0
340,-109,3,109,1,-105,-192,0,-311,8,311,4,-299,-548,0,-445,12,444,6,-427,-782,0
350,-115,3,115,1,-111,-203,0,-320,9,320,4,-307,-563,0,-445,12,444,6,-427,-782,0
360,-122,3,122,2,-117,-214,0,-329,9,329,4,-316,-579,0,-445,12,444,6,-427,-782,0
370,-128,3,128,2,-123,-226,0,-338,9,338,4,-324,-595,0,-445,12,444,6,-427,-782,0
380,-135,4,135,2,-130,-238,0,-347,9,347,4,-333,-610,0,-445,12,444,6,-427,-782,0
390,-142,4,142,2,-137,-250,0,-356,9,355,5,-341,-626,0,-445,12,444,6,-427,-782,0
400,-150,4,149,2,-143,-263,0,-365,10,364,5,-350,-641,0,-445,12,444,6,-427,-782,0
410,-157,4,157,2,-151,-276,0,-374,10,373,5,-358,-657,0,-445,12,444,6,-427,-782,0
420,-164,4,164,2,-158,-289,0,-382,10,382,5,-367,-673,0,-445,12,444,6,-427,-782,0
430,-172,5,172,2,-165,-303,0,-391,10,391,5,-376,-688,0,-445,12,444,6,-427,-782,0
440,-180,5,180,2,-173,-317,0,-400,11,400,5,-384,-704,0,-445,12,444,6,-427,-782,0
450,-188,5,188,2,-181,-331,0,-409,11,409,5,-393,-720,0,-445,12,444,6,-427,-782,0
460,-196,5,196,3,-189,-346,0,-418,11,418,5,-401,-735,0,-445,12,444,6,-427,-782,0
470,-205,5,205,3,-197,-360,0,-427,11,427,5,-410,-751,0,-445,12,444,6,-427,-782,0
480,-214,6,213,3,-205,-376,0,-436,12,435,6,-418,-767,0,-445,12,444,6,-427,-782,0
490,-222,6,222,3,-213,-391,0,-445,12,444,6,-427,-782,0,-445,12,444,6,-427,-782,0
500,-231,6,231,3,-222,-407,0,-454,12,453,6,-435,-798,0,-445,12,444,6,-427,-782,0
510,-240,6,240,3,-231,-423,0,-462,12,462,6,-444,-814,0,-445,12,444,6,-427,-782,0
520,-250,7,250,3,-240,-439,0,-471,13,471,6,-452,-829,0,-445,12,444,6,-427,-782,0
530,-259,7,259,3,-249,-456,0,-480,13,480,6,-461,-845,0,-445,12,444,6,-427,-782,0
540,-269,7,269,3,-258,-473,0,-489,13,489,6,-469,-860,0,-445,12,444,6,-427,-782,0
550,-279,7,279,4,-268,-491,0,-498,13,498,6,-478,-876,0,-445,12,444,6,-427,-782,0
560,-289,8,289,4,-277,-508,0,-507,14,507,7,-487,-892,0,-445,12,444,6,-427,-782,0
570,-299,8,299,4,-287,-526,0,-516,14,515,7,-495,-907,0,-445,12,444,6,-427,-782,0
580,-310,8,309,4,-297,-545,0,-525,14,524,7,-504,-923,0,-445,12,444,6,-427,-782,0
590,-320,9,320,4,-307,-563,0,-534,14,533,7,-512,-939,0,-445,12,444,6,-427,-782,0
600,-331,9,331,4,-318,-582,0,-543,14,542,7,-521,-954,0,-445,12,444,6,-427,-782,0
610,-342,9,342,4,-328,-601,0,-551,15,551,7,-529,-970,0,-445,12,444,6,-427,-782,0
620,-353,9,353,5,-339,-621,0,-560,15,560,7,-538,-986,0,-445,12,444,6,-427,-782,0
630,-364,10,364,5,-350,-641,0,-569,15,569,7,-546,-1001,0,-445,12,444,6,-427,-782,0
640,-376,10,375,5,-361,-661,0,-578,15,578,7,-555,-1017,0,-445,12,444,6,-427,-782,0
650,-387,10,387,5,-372,-682,0,-587,16,587,8,-563,-1033,0,-445,12,444,6,-427,-782,0
660,-399,11,399,5,-383,-702,0,-596,16,595,8,-572,-1048,0,-445,12,444,6,-427,-782,0
670,-411,11,411,5,-395,-723,0,-605,16,604,8,-580,-1064,0,-445,12,444,6,-427,-782,0
680,-423,11,423,5,-406,-745,0,-614,16,613,8,-589,-1080,0,-445,12,444,6,-427,-782,0
690,-436,12,435,6,-418,-767,0,-623,17,622,8,-597,-1095,0,-445,12,444,6,-427,-782,0
700,-448,12,448,6,-430,-789,0,-631,17,631,8,-606,-1111,0,-445,12,444,6,-427,-782,0
710,-461,12,461,6,-442,-811,0,-640,17,640,8,-615,-1126,0,-445,12,444,6,-427,-782,0
720,-474,13,474,6,-455,-834,0,-649,17,649,8,-623,-1142,0,-445,12,444,6,-427,-782,0
730,-487,13,487,6,-467,-857,0,-658,18,658,8,-632,-1158,0,-445,12,444,6,-427,-782,0
740,-500,13,500,6,-480,-880,0,-667,18,667,9,-640,-1173,0,-445,12,444,6,-427,-782,0
750,-514,14,513,7,-493,-904,0,-676,18,675,9,-649,-1189,0,-445,12,444,6,-427,-782,0
760,-527,14,527,7,-506,-928,0,-685,18,684,9,-657,-1205,0,-445,12,444,6,-427,-782,0
770,-541,14,541,7,-519,-952,0,-694,18,693,9,-666,-1220,0,-445,12,444,6,-427,-782,0
780,-555,15,555,7,-533,-976,0,-703,19,702,9,-674,-1236,0,-445,12,444,6,-427,-782,0
790,-569,15,569,7,-546,-1001,0,-712,19,711,9,-683,-1252,0,-445,12,444,6,-427,-782,0
800,-584,16,583,8,-560,-1026,0,-720,19,720,9,-691,-1267,0,-445,12,444,6,-427,-782,0
810,-598,16,598,8,-574,-1052,0,-729,19,729,9,-700,-1283,0,-445,12,444,6,-427,-782,0
820,-613,16,612,8,-588,-1078,0,-738,20,738,10,-708,-1299,0,-445,12,444,6,-427,-782,0
830,-628,17,627,8,-602,-1104,0,-747,20,747,10,-717,-1314,0,-445,12,444,6,-427,-782,0
840,-643,17,642,8,-617,-1130,0,-756,20,755,10,-725,-1330,0,-445,12,444,6,-427,-782,0
850,-658,18,657,8,-631,-1157,0,-765,20,764,10,-734,-1345,0,-445,12,444,6,-427,-782,0
860,-673,18,673,9,-646,-1184,0,-774,21,773,10,-743,-1361,0,-445,12,444,6,-427,-782,0
870,-689,18,688,9,-661,-1212,0,-783,21,782,10,-751,-1377,0,-445,12,444,6,-427,-782,0
880,-705,19,704,9,-676,-1239,0,-792,21,791,10,-760,-1392,0,-445,12,444,6,-427,-782,0
890,-720,19,720,9,-691,-1267,0,-800,21,800,10,-768,-1408,0,-445,12,444,6,-427,-782,0
900,-737,20,736,9,-707,-1296,0,-809,22,809,10,-777,-1424,0,-445,12,444,6,-427,-782,0
910,-753,20,752,10,-722,-1324,0,-818,22,818,11,-785,-1439,0,-445,12,444,6,-427,-782,0
920,-769,21,769,10,-738,-1353,0,-827,22,826,11,-794,-1455,0,-445,12,444,6,-427,-782,0
930,-786,21,785,10,-754,-1382,0,-836,22,835,11,-802,-1471,0,-445,12,444,6,-427,-782,0
940,-803,21,802,10,-770,-1412,0,-845,23,844,11,-811,-1486,0,-445,12,444,6,-427,-782,0
950,-820,22,819,11,-787,-1442,0,-854,23,853,11,-819,-1502,0,-445,12,444,6,-427,-782,0
960,-837,22,836,11,-803,-1472,0,-863,23,862,11,-828,-1518,0,-445,12,444,6,-427,-782,0
970,-854,23,854,11,-820,-1503,0,-872,23,871,11,-836,-1533,0,-445,12,444,6,-427,-782,0
980,-872,23,871,11,-837,-1533,0,-881,23,880,11,-845,-1549,0,-440,12,440,6,-422,-774,0
990,-889,24,889,11,-854,-1565,0,-889,24,889,11,-853,-1564,0,-5,0,5,0,-4,-8,0
1000,-907,24,906,12,-871,-1596,0,-889,24,889,11,-854,-1565,0,0,0,0,0,0,0,0
1010,-925,25,924,12,-888,-1627,0,-889,24,889,11,-854,-1565,0,0,0,0,0,0,0,0
1020,-943,25,942,12,-905,-1658,0,-889,24,889,11,-854,-1565,0,0,0,0,0,0,0,0
1030,-961,26,960,12,-922,-1690,0,-889,24,889,11,-854,-1565,0,0,0,0,0,0,0,0
1040,-978,26,978,13,-939,-1721,0,-889,24,889,11,-854,-1565,0,0,0,0,0,0,0,0
1050,-996,27,995,13,-956,-1752,0,-889,24,889,11,-854,-1565,0,0,0,0,0,0,0,0
1060,-1014,27,1013,13,-973,-1784,0,-889,24,889,11,-854,-1565,0,0,0,0,0,0,0,0
1070,-1032,28,1031,13,-990,-1815,0,-889,24,889,11,-854,-1565,0,0,0,0,0,0,0,0
1080,-1050,28,1049,14,-1007,-1846,0,-889,24,889,11,-854,-1565,0,0,0,0,0,0,0,0
1090,-1067,28,1066,14,-1024,-1877,0,-889,24,889,11,-854,-1565,0,0,0,0,0,0,0,0
1100,-1085,29,1084,14,-1041,-1909,0,-889,24,889,11,-854,-1565,0,0,0,0,0,0,0,0
1110,-1103,29,1102,14,-1058,-1940,0,-889,24,889,11,-854,-1565,0,0,0,0,0,0,0,0
1120,-1121,30,1120,14,-1075,-1971,0,-889,24,889,11,-854,-1565,0,0,0,0,0,0,0,0
1130,-1138,30,1138,15,-1093,-2003,0,-889,24,889,11,-854,-1565,0,0,0,0,0,0,0,0
1140,-1156,31,1155,15,-1110,-2034,0,-889,24,889,11,-854,-1565,0,0,0,0,0,0,0,0
1150,-1174,31,1173,15,-1127,-2065,0,-889,24,889,11,-854,-1565,0,0,0,0,0,0,0,0
1160,-1192,32,1191,15,-1144,-2096,0,-889,24,889,11,-854,-1565,0,0,0,0,0,0,0,0
1170,-1210,32,1209,16,-1161,-2128,0,-889,24,889,11,-854,-1565,0,0,0,0,0,0,0,0
1180,-1227,33,1226,16,-1178,-2159,0,-889,24,889,11,-854,-1565,0,0,0,0,0,0,0,0
1190,-1245,33,1244,16,-1195,-2190,0,-889,24,889,11,-854,-1565,0,0,0,0,0,0,0,0
1200,-1263,34,1262,16,-1212,-2222,0,-889,24,889,11,-854,-1565,0,0,0,0,0,0,0,0
1210,-1281,34,1280,16,-1229,-2253,0,-889,24,889,11,-854,-1565,0,0,0,0,0,0,0,0
1220,-1299,35,1297,17,-1246,-2284,0,-889,24,889,11,-854,-1565,0,0,0,0,0,0,0,0
1230,-1316,35,1315,17,-1263,-2315,0,-889,24,889,11,-854,-1565,0,0,0,0,0,0,0,0
1240,-1334,36,1333,17,-1280,-2347,0,-889,24,889,11,-854,-1565,0,0,0,0,0,0,0,0
1250,-1352,36,1351,17,-1297,-2378,0,-889,24,889,11,-854,-1565,0,0,0,0,0,0,0,0
1260,-1370,37,1369,18,-1314,-2409,0,-889,24,889,11,-854,-1565,0,0,0,0,0,0,0,0
1270,-1387,37,1386,18,-1332,-2441,0,-889,24,889,11,-854,-1565,0,0,0,0,0,0,0,0
1280,-1405,37,1404,18,-1349,-2472,0,-889,24,889,11,-854,-1565,0,0,0,0,0,0,0,0
1290,-1423,38,1422,18,-1366,-2503,0,-889,24,889,11,-854,-1565,0,0,0,0,0,0,0,0
1300,-1441,38,1440,19,-1383,-2535,0,-889,24,889,11,-854,-1565,0,0,0,0,0,0,0,0
1310,-1459,39,1457,19,-1400,-2566,0,-889,24,889,11,-854,-1565,0,0,0,0,0,0,0,0
1320,-1476,39,1475,19,-1417,-2597,0,-889,24,889,11,-854,-1565,0,0,0,0,0,0,0,0
1330,-1494,40,1493,19,-1434,-2628,0,-889,24,889,11,-854,-1565,0,0,0,0,0,0,0,0
1340,-1512,40,1511,19,-1451,-2660,0,-889,24,889,11,-854,-1565,0,0,0,0,0,0,0,0
1350,-1530,41,1529,20,-1468,-2691,0,-889,24,889,11,-854,-1565,0,0,0,0,0,0,0,0
1360,-1548,41,1546,20,-1485,-2722,0,-889,24,889,11,-854,-1565,0,0,0,0,0,0,0,0
1370,-1565,42,1564,20,-1502,-2754,0,-889,24,889,11,-854,-1565,0,0,0,0,0,0,0,0
1380,-1583,42,1582,20,-1519,-2785,0,-889,24,889,11,-854,-1565,0,0,0,0,0,0,0,0
1390,-1601,43,1600,21,-1536,-2816,0,-889,24,889,11,-854,-1565,0,0,0,0,0,0,0,0
1400,-1619,43,1617,21,-1553,-2847,0,-889,24,889,11,-854,-1565,0,0,0,0,0,0,0,0
1410,-1637,44,1635,21,-1570,-2879,0,-889,24,889,11,-854,-1565,0,0,0,0,0,0,0,0
1420,-1654,44,1653,21,-1588,-2910,0,-889,24,889,11,-854,-1565,0,0,0,0,0,0,0,0
1430,-1672,45,1671,22,-1605,-2941,0,-889,24,889,11,-854,-1565,0,0,0,0,0,0,0,0
1440,-1690,45,1689,22,-1622,-2973,0,-889,24,889,11,-854,-1565,0,0,0,0,0,0,0,0
1450,-1708,46,1706,22,-1639,-3004,0,-889,24,889,11,-854,-1565,0,0,0,0,0,0,0,0
1460,-1725,46,1724,22,-1656,-3035,0,-889,24,889,11,-854,-1565,0,0,0,0,0,0,0,0
1470,-1743,46,1742,22,-1673,-3066,0,-889,24,889,11,-854,-1565,0,0,0,0,0,0,0,0
1480,-1761,47,1760,23,-1690,-3098,0,-889,24,889,11,-854,-1565,0,0,0,0,0,0,0,0
1490,-1779,47,1777,23,-1707,-3129,0,-889,24,889,11,-854,-1565,0,0,0,0,0,0,0,0
1500,-1797,48,1795,23,-1724,-3160,0,-889,24,889,11,-854,-1565,0,0,0,0,0,0,0,0
1510,-1814,48,1813,23,-1741,-3192,0,-889,24,889,11,-854,-1565,0,0,0,0,0,0,0,0
1520,-1832,49,1831,24,-1758,-3223,0,-889,24,889,11,-854,-1565,0,0,0,0,0,0,0,0
1530,-1850,49,1848,24,-1775,-3254,0,-889,24,889,11,-854,-1565,0,0,0,0,0,0,0,0
1540,-1868,50,1866,24,-1792,-3285,0,-889,24,889,11,-854,-1565,0,0,0,0,0,0,0,0
1550,-1886,50,1884,24,-1809,-3317,0,-889,24,889,11,-854,-1565,0,0,0,0,0,0,0,0
1560,-1903,51,1902,25,-1827,-3348,0,-889,24,889,11,-854,-1565,0,0,0,0,0,0,0,0
1570,-1921,51,1920,25,-1844,-3379,0,-889,24,889,11,-854,-1565,0,0,0,0,0,0,0,0
1580,-1939,52,1937,25,-1861,-3411,0,-889,24,889,11,-854,-1565,0,0,0,0,0,0,0,0
1590,-1957,52,1955,25,-1878,-3442,0,-889,24,889,11,-854,-1565,0,0,0,0,0,0,0,0
1600,-1975,53,1973,25,-1895,-3473,0,-889,24,889,11,-854,-1565,0,0,0,0,0,0,0,0
1610,-1992,53,1991,26,-1912,-3505,0,-889,24,889,11,-854,-1565,0,0,0,0,0,0,0,0
1620,-2010,54,2008,26,-1929,-3536,0,-889,24,889,11,-854,-1565,0,0,0,0,0,0,0,0
1630,-2028,54,2026,26,-1946,-3567,0,-889,24,889,11,-854,-1565,0,0,0,0,0,0,0,0
1640,-2046,55,2044,26,-1963,-3598,0,-889,24,889,11,-854,-1565,0,0,0,0,0,0,0,0
1650,-2063,55,2062,27,-1980,-3630,0,-889,24,889,11,-854,-1565,0,0,0,0,0,0,0,0
1660,-2081,55,2080,27,-1997,-3661,0,-889,24,889,11,-854,-1565,0,0,0,0,0,0,0,0
1670,-2099,56,2097,27,-2014,-3692,0,-889,24,889,11,-854,-1565,0,0,0,0,0,0,0,0
1680,-2117,56,2115,27,-2031,-3724,0,-889,24,889,11,-854,-1565,0,0,0,0,0,0,0,0
1690,-2135,57,2133,27,-2048,-3755,0,-889,24,889,11,-854,-1565,0,0,0,0,0,0,0,0
1700,-2152,57,2151,28,-2066,-3786,0,-889,24,889,11,-854,-1565,0,0,0,0,0,0,0,0
1710,-2170,58,2168,28,-2083,-3817,0,-889,24,889,11,-854,-1565,0,0,0,0,0,0,0,0
1720,-2188,58,2186,28,-2100,-3849,0,-889,24,889,11,-854,-1565,0,0,0,0,0,0,0,0
1730,-2206,59,2204,28,-2117,-3880,0,-889,24,889,11,-854,-1565,0,0,0,0,0,0,0,0
1740,-2224,59,2222,29,-2134,-3911,0,-889,24,889,11,-854,-1565,0,0,0,0,0,0,0,0
1750,-2241,60,2240,29,-2151,-3943,0,-889,24,889,11,-854,-1565,0,0,0,0,0,0,0,0
1760,-2259,60,2257,29,-2168,-3974,0,-889,24,889,11,-854,-1565,0,0,0,0,0,0,0,0
1770,-2277,61,2275,29,-2185,-4005,0,-889,24,889,11,-854,-1565,0,0,0,0,0,0,0,0
1780,-2295,61,2293,30,-2202,-4036,0,-889,24,889,11,-854,-1565,0,0,0,0,0,0,0,0
1790,-2312,62,2311,30,-2219,-4068,0,-889,24,889,11,-854,-1565,0,0,0,0,0,0,0,0
1800,-2330,62,2328,30,-2236,-4099,0,-889,24,889,11,-854,-1565,0,0,0,0,0,0,0,0
1810,-2348,63,2346,30,-2253,-4130,0,-889,24,889,11,-854,-1565,0,0,0,0,0,0,0,0
1820,-2366,63,2364,30,-2270,-4162,0,-889,24,889,11,-854,-1565,0,0,0,0,0,0,0,0
1830,-2384,64,2382,31,-2287,-4193,0,-889,24,889,11,-854,-1565,0,0,0,0,0,0,0,0
1840,-2401,64,2399,31,-2305,-4224,0,-889,24,889,11,-854,-1565,0,0,0,0,0,0,0,0
1850,-2437,65,2435,31,-2339,-4287,0,-889,24,889,11,-854,-1565,0,0,0,0,0,0,0,0
1860,-2455,65,2453,32,-2356,-4318,0,-889,24,889,11,-854,-1565,0,0,0,0,0,0,0,0
1870,-2473,66,2471,32,-2373,-4349,0,-889,24,889,11,-854,-1565,0,0,0,0,0,0,0,0
1880,-2490,66,2488,32,-2390,-4381,0,-889,24,889,11,-854,-1565,0,0,0,0,0,0,0,0
1890,-2508,67,2506,32,-2407,-4412,0,-889,24,889,11,-854,-1565,0,0,0,0,0,0,0,0
1900,-2526,67,2524,33,-2424,-4443,0,-889,24,889,11,-854,-1565,0,0,0,0,0,0,0,0
1910,-2544,68,2542,33,-2441,-4474,0,-889,24,889,11,-854,-1565,0,0,0,0,0,0,0,0
1920,-2562,68,2559,33,-2458,-4506,0,-889,24,889,11,-854,-1565,0,0,0,0,0,0,0,0
1930,-2579,69,2577,33,-2475,-4537,0,-889,24,889,11,-854,-1565,0,0,0,0,0,0,0,0
1940,-2597,69,2595,33,-2492,-4568,0,-889,24,889,11,-854,-1565,0,0,0,0,0,0,0,0
1950,-2615,70,2613,34,-2509,-4600,0,-889,24,889,11,-854,-1565,0,0,0,0,0,0,0,0
1960,-2633,70,2631,34,-2526,-4631,0,-889,24,889,11,-854,-1565,0,0,0,0,0,0,0,0
1970,-2650,71,2648,34,-2544,-4662,0,-889,24,889,11,-854,-1565,0,0,0,0,0,0,0,0
1980,-2668,71,2666,34,-2561,-4694,0,-889,24,889,11,-854,-1565,0,0,0,0,0,0,0,0
1990,-2686,72,2684,35,-2578,-4725,0,-889,24,889,11,-854,-1565,0,0,0,0,0,0,0,0
2000,-2704,72,2702,35,-2595,-4756,0,-889,24,889,11,-854,-1565,0,0,0,0,0,0,0,0
2010,-2722,73,2719,35,-2612,-4787,0,-889,24,889,11,-854,-1565,0,0,0,0,0,0,0,0
2020,-2739,73,2737,35,-2629,-4819,0,-889,24,889,11,-854,-1565,0,0,0,0,0,0,0,0
2030,-2757,74,2755,36,-2646,-4850,0,-889,24,889,11,-854,-1565,0,0,0,0,0,0,0,0
2040,-2775,74,2773,36,-2663,-4881,0,-889,24,889,11,-854,-1565,0,0,0,0,0,0,0,0
2050,-2793,74,2790,36,-2680,-4913,0,-889,24,889,11,-854,-1565,0,0,0,0,0,0,0,0
2060,-2811,75,2808,36,-2697,-4944,0,-889,24,889,11,-854,-1565,0,0,0,0,0,0,0,0
2070,-2828,75,2826,36,-2714,-4975,0,-889,24,889,11,-854,-1565,0,0,0,0,0,0,0,0
2080,-2846,76,2844,37,-2731,-5006,0,-889,24,889,11,-854,-1565,0,0,0,0,0,0,0,0
2090,-2864,76,2862,37,-2748,-5038,0,-889,24,889,11,-854,-1565,0,0,0,0,0,0,0,0
2100,-2882,77,2879,37,-2765,-5069,0,-889,24,889,11,-854,-1565,0,0,0,0,0,0,0,0
2110,-2900,77,2897,37,-2783,-5100,0,-889,24,889,11,-854,-1565,0,0,0,0,0,0,0,0
2120,-2917,78,2915,38,-2800,-5132,0,-889,24,889,11,-854,-1565,0,0,0,0,0,0,0,0
2130,-2935,78,2933,38,-2817,-5163,0,-889,24,889,11,-854,-1565,0,0,0,0,0,0,0,0
2140,-2953,79,2950,38,-2834,-5194,0,-889,24,889,11,-854,-1565,0,0,0,0,0,0,0,0
2150,-2971,79,2968,38,-2851,-5225,0,-889,24,889,11,-854,-1565,0,0,0,0,0,0,0,0
2160,-2988,80,2986,38,-2868,-5257,0,-889,24,889,11,-854,-1565,0,0,0,0,0,0,0,0
2170,-3006,80,3004,39,-2885,-5288,0,-889,24,889,11,-854,-1565,0,0,0,0,0,0,0,0
2180,-3024,81,3022,39,-2902,-5319,0,-889,24,889,11,-854,-1565,0,0,0,0,0,0,0,0
2190,-3042,81,3039,39,-2919,-5351,0,-889,24,889,11,-854,-1565,0,0,0,0,0,0,0,0
2200,-3060,82,3057,39,-2936,-5382,0,-889,24,889,11,-854,-1565,0,0,0,0,0,0,0,0
2210,-3077,82,3075,40,-2953,-5413,0,-889,24,889,11,-854,-1565,0,0,0,0,0,0,0,0
2220,-3095,83,3093,40,-2970,-5444,0,-889,24,889,11,-854,-1565,0,0,0,0,0,0,0,0
2230,-3113,83,3110,40,-2987,-5476,0,-889,24,889,11,-854,-1565,0,0,0,0,0,0,0,0
2240,-3131,83,3128,40,-3004,-5507,0,-889,24,889,11,-854,-1565,0,0,0,0,0,0,0,0
2250,-3149,84,3146,41,-3021,-5538,0,-889,24,889,11,-854,-1565,0,0,0,0,0,0,0,0
2260,-3166,84,3164,41,-3039,-5570,0,-889,24,889,11,-854,-1565,0,0,0,0,0,0,0,0
2270,-3184,85,3182,41,-3056,-5601,0,-889,24,889,11,-854,-1565,0,0,0,0,0,0,0,0
2280,-3202,85,3199,41,-3073,-5632,0,-889,24,889,11,-854,-1565,0,0,0,0,0,0,0,0
2290,-3220,86,3217,41,-3090,-5664,0,-889,24,889,11,-854,-1565,0,0,0,0,0,0,0,0
2300,-3237,86,3235,42,-3107,-5695,0,-889,24,889,11,-854,-1565,0,0,0,0,0,0,0,0
2310,-3255,87,3253,42,-3124,-5726,0,-889,24,889,11,-854,-1565,0,0,0,0,0,0,0,0
2320,-3273,87,3270,42,-3141,-5757,0,-889,24,889,11,-854,-1565,0,0,0,0,0,0,0,0
2330,-3291,88,3288,42,-3158,-5789,0,-889,24,889,11,-854,-1565,0,0,0,0,0,0,0,0
2340,-3309,88,3306,43,-3175,-5820,0,-889,24,889,11,-854,-1565,0,0,0,0,0,0,0,0
2350,-3326,89,3324,43,-3192,-5851,0,-889,24,889,11,-854,-1565,0,0,0,0,0,0,0,0
2360,-3344,89,3341,43,-3209,-5883,0,-889,24,889,11,-854,-1565,0,0,0,0,0,0,0,0
2370,-3362,90,3359,43,-3226,-5914,0,-889,24,889,11,-854,-1565,0,0,0,0,0,0,0,0
2380,-3380,90,3377,44,-3243,-5945,0,-889,24,889,11,-854,-1565,0,0,0,0,0,0,0,0
2390,-3398,91,3395,44,-3260,-5976,0,-889,24,889,11,-854,-1565,0,0,0,0,0,0,0,0
2400,-3415,91,3413,44,-3278,-6008,0,-889,24,889,11,-854,-1565,0,0,0,0,0,0,0,0
2410,-3433,92,3430,44,-3295,-6039,0,-889,24,889,11,-854,-1565,0,0,0,0,0,0,0,0
2420,-3451,92,3448,44,-3312,-6070,0,-889,24,889,11,-854,-1565,0,0,0,0,0,0,0,0
2430,-3469,92,3466,45,-3329,-6102,0,-889,24,889,11,-854,-1565,0,0,0,0,0,0,0,0
2440,-3487,93,3484,45,-3346,-6133,0,-889,24,889,11,-854,-1565,0,0,0,0,0,0,0,0
2450,-3504,93,3501,45,-3363,-6164,0,-889,24,889,11,-854,-1565,0,0,0,0,0,0,0,0
2460,-3522,94,3519,45,-3380,-6195,0,-889,24,889,11,-854,-1565,0,0,0,0,0,0,0,0
2470,-3540,94,3537,46,-3397,-6227,0,-889,24,889,11,-854,-1565,0,0,0,0,0,0,0,0
2480,-3558,95,3555,46,-3414,-6258,0,-889,24,889,11,-854,-1565,0,0,0,0,0,0,0,0
2490,-3575,95,3573,46,-3431,-6289,0,-889,24,889,11,-854,-1565,0,0,0,0,0,0,0,0
2500,-3593,96,3590,46,-3448,-6321,0,-889,24,889,11,-854,-1565,0,0,0,0,0,0,0,0
2510,-3611,96,3608,46,-3465,-6352,0,-889,24,889,11,-854,-1565,0,0,0,0,0,0,0,0
2520,-3629,97,3626,47,-3482,-6383,0,-889,24,889,11,-854,-1565,0,0,0,0,0,0,0,0
2530,-3647,97,3644,47,-3499,-6414,0,-889,24,889,11,-854,-1565,0,0,0,0,0,0,0,0
2540,-3664,98,3661,47,-3517,-6446,0,-889,24,889,11,-854,-1565,0,0,0,0,0,0,0,0
2550,-3682,98,3679,47,-3534,-6477,0,-889,24,889,11,-854,-1565,0,0,0,0,0,0,0,0
2560,-3700,99,3697,48,-3551,-6508,0,-889,24,889,11,-854,-1565,0,0,0,0,0,0,0,0
2570,-3718,99,3715,48,-3568,-6540,0,-889,24,889,11,-854,-1565,0,0,0,0,0,0,0,0
2580,-3736,100,3733,48,-3585,-6571,0,-889,24,889,11,-854,-1565,0,0,0,0,0,0,0,0
2590,-3753,100,3750,48,-3602,-6602,0,-889,24,889,11,-854,-1565,0,0,0,0,0,0,0,0
2600,-3771,101,3768,49,-3619,-6634,0,-889,24,889,11,-854,-1565,0,0,0,0,0,0,0,0
2610,-3789,101,3786,49,-3636,-6665,0,-889,24,889,11,-854,-1565,0,0,0,0,0,0,0,0
2620,-3807,101,3804,49,-3653,-6696,0,-889,24,889,11,-854,-1565,0,0,0,0,0,0,0,0
2630,-3824,102,3821,49,-3670,-6727,0,-889,24,889,11,-854,-1565,0,0,0,0,0,0,0,0
2640,-3842,102,3839,49,-3687,-6759,0,-889,24,889,11,-854,-1565,0,0,0,0,0,0,0,0
2650,-3860,103,3857,50,-3704,-6790,0,-889,24,889,11,-854,-1565,0,0,0,0,0,0,0,0
2660,-3878,103,3875,50,-3721,-6821,0,-889,24,889,11,-854,-1565,0,0,0,0,0,0,0,0
2670,-3896,104,3892,50,-3738,-6853,0,-889,24,889,11,-854,-1565,0,0,0,0,0,0,0,0
2680,-3913,104,3910,50,-3756,-6884,0,-889,24,889,11,-854,-1565,0,0,0,0,0,0,0,0
2690,-3931,105,3928,51,-3773,-6915,0,-889,24,889,11,-854,-1565,0,0,0,0,0,0,0,0
2700,-3949,105,3946,51,-3790,-6946,0,-889,24,889,11,-854,-1565,0,0,0,0,0,0,0,0
2710,-3967,106,3964,51,-3807,-6978,0,-889,24,889,11,-854,-1565,0,0,0,0,0,0,0,0
2720,-3985,106,3981,51,-3824,-7009,0,-889,24,889,11,-854,-1565,0,0,0,0,0,0,0,0
2730,-4002,107,3999,52,-3841,-7040,0,-889,24,889,11,-854,-1565,0,0,0,0,0,0,0,0
2740,-4020,107,4017,52,-3858,-7072,0,-889,24,889,11,-854,-1565,0,0,0,0,0,0,0,0
2750,-4038,108,4035,52,-3875,-7103,0,-889,24,889,11,-854,-1565,0,0,0,0,0,0,0,0
2760,-4056,108,4052,52,-3892,-7134,0,-889,24,889,11,-854,-1565,0,0,0,0,0,0,0,0
2770,-4074,109,4070,52,-3909,-7165,0,-889,24,889,11,-854,-1565,0,0,0,0,0,0,0,0
2780,-4091,109,4088,53,-3926,-7197,0,-889,24,889,11,-854,-1565,0,0,0,0,0,0,0,0
2790,-4109,110,4106,53,-3943,-7228,0,-889,24,889,11,-854,-1565,0,0,0,0,0,0,0,0
2800,-4127,110,4124,53,-3960,-7259,0,-889,24,889,11,-854,-1565,0,0,0,0,0,0,0,0
2810,-4145,110,4141,53,-3977,-7291,0,-889,24,889,11,-854,-1565,0,0,0,0,0,0,0,0
2820,-4162,111,4159,54,-3995,-7322,0,-889,24,889,11,-854,-1565,0,0,0,0,0,0,0,0
2830,-4180,111,4177,54,-4012,-7353,0,-889,24,889,11,-854,-1565,0,0,0,0,0,0,0,0
2840,-4198,112,4195,54,-4029,-7384,0,-889,24,889,11,-854,-1565,0,0,0,0,0,0,0,0
2850,-4216,112,4212,54,-4046,-7416,0,-889,24,889,11,-854,-1565,0,0,0,0,0,0,0,0
2860,-4234,113,4230,55,-4063,-7447,0,-889,24,889,11,-854,-1565,0,0,0,0,0,0,0,0
2870,-4251,113,4248,55,-4080,-7478,0,-889,24,889,11,-854,-1565,0,0,0,0,0,0,0,0
2880,-4269,114,4266,55,-4097,-7510,0,-889,24,889,11,-854,-1565,0,0,0,0,0,0,0,0
2890,-4287,114,4284,55,-4114,-7541,0,-889,24,889,11,-854,-1565,0,0,0,0,0,0,0,0
2900,-4305,115,4301,55,-4131,-7572,0,-889,24,889,11,-854,-1565,0,0,0,0,0,0,0,0
2910,-4323,115,4319,56,-4148,-7604,0,-889,24,889,11,-854,-1565,0,0,0,0,0,0,0,0
2920,-4340,116,4337,56,-4165,-7635,0,-889,24,889,11,-854,-1565,0,0,0,0,0,0,0,0
2930,-4358,116,4355,56,-4182,-7666,0,-889,24,889,11,-854,-1565,0,0,0,0,0,0,0,0
2940,-4376,117,4372,56,-4199,-7697,0,-889,24,889,11,-854,-1565,0,0,0,0,0,0,0,0
2950,-4394,117,4390,57,-4216,-7729,0,-889,24,889,11,-854,-1565,0,0,0,0,0,0,0,0
2960,-4412,118,4408,57,-4234,-7760,0,-889,24,889,11,-854,-1565,0,0,0,0,0,0,0,0
2970,-4429,118,4426,57,-4251,-7791,0,-889,24,889,11,-854,-1565,0,0,0,0,0,0,0,0
2980,-4447,119,4443,57,-4268,-7823,0,-889,24,889,11,-854,-1565,0,0,0,0,0,0,0,0
2990,-4465,119,4461,57,-4285,-7854,0,-889,24,889,11,-854,-1565,0,0,0,0,0,0,0,0
3000,-4483,120,4479,58,-4302,-7885,0,-889,24,889,11,-854,-1565,0,0,0,0,0,0,0,0
3010,-4500,120,4497,58,-4319,-7916,0,-889,24,889,11,-854,-1565,0,0,0,0,0,0,0,0
3020,-4518,120,4515,58,-4336,-7948,0,-889,24,889,11,-854,-1565,0,0,0,0,0,0,0,0
3030,-4536,121,4532,58,-4353,-7979,0,-889,24,889,11,-854,-1565,0,0,0,0,0,0,0,0
3040,-4554,121,4550,59,-4370,-8010,0,-889,24,889,11,-854,-1565,0,0,0,0,0,0,0,0
3050,-4572,122,4568,59,-4387,-8042,0,-889,24,889,11,-854,-1565,0,0,0,0,0,0,0,0
3060,-4589,122,4586,59,-4404,-8073,0,-889,24,889,11,-854,-1565,0,0,0,0,0,0,0,0
3070,-4607,123,4603,59,-4421,-8104,0,-889,24,889,11,-854,-1565,0,0,0,0,0,0,0,0
3080,-4625,123,4621,60,-4438,-8135,0,-889,24,889,11,-854,-1565,0,0,0,0,0,0,0,0
3090,-4643,124,4639,60,-4455,-8167,0,-889,24,889,11,-854,-1565,0,0,0,0,0,0,0,0
3100,-4661,124,4657,60,-4472,-8198,0,-889,24,889,11,-854,-1565,0,0,0,0,0,0,0,0
3110,-4678,125,4675,60,-4490,-8229,0,-889,24,889,11,-854,-1565,0,0,0,0,0,0,0,0
3120,-4696,125,4692,60,-4507,-8261,0,-889,24,889,11,-854,-1565,0,0,0,0,0,0,0,0
3130,-4714,126,4710,61,-4524,-8292,0,-889,24,889,11,-854,-1565,0,0,0,0,0,0,0,0
3140,-4732,126,4728,61,-4541,-8323,0,-889,24,889,11,-854,-1565,0,0,0,0,0,0,0,0
3150,-4749,127,4746,61,-4558,-8354,0,-889,24,889,11,-854,-1565,0,0,0,0,0,0,0,0
3160,-4767,127,4763,61,-4575,-8386,0,-889,24,889,11,-854,-1565,0,0,0,0,0,0,0,0
3170,-4785,128,4781,62,-4592,-8417,0,-889,24,889,11,-854,-1565,0,0,0,0,0,0,0,0
3180,-4803,128,4799,62,-4609,-8448,0,-889,24,889,11,-854,-1565,0,0,0,0,0,0,0,0
3190,-4821,129,4817,62,-4626,-8480,0,-889,24,889,11,-854,-1565,0,0,0,0,0,0,0,0
3200,-4838,129,4834,62,-4643,-8511,0,-889,24,889,11,-854,-1565,0,0,0,0,0,0,0,0
3210,-4856,129,4852,63,-4660,-8542,0,-889,24,889,11,-854,-1565,0,0,0,0,0,0,0,0
3220,-4874,130,4870,63,-4677,-8574,0,-889,24,889,11,-854,-1565,0,0,0,0,0,0,0,0
3230,-4892,130,4888,63,-4694,-8605,0,-889,24,889,11,-854,-1565,0,0,0,0,0,0,0,0
3240,-4910,131,4906,63,-4711,-8636,0,-889,24,889,11,-854,-1565,0,0,0,0,0,0,0,0
3250,-4927,131,4923,63,-4729,-8667,0,-889,24,889,11,-854,-1565,0,0,0,0,0,0,0,0
3260,-4945,132,4941,64,-4746,-8699,0,-889,24,889,11,-854,-1565,0,0,0,0,0,0,0,0
3270,-4963,132,4959,64,-4763,-8730,0,-889,24,889,11,-854,-1565,0,0,0,0,0,0,0,0
3280,-4981,133,4977,64,-4780,-8761,0,-889,24,889,11,-854,-1565,0,0,0,0,0,0,0,0
3290,-4999,133,4994,64,-4797,-8793,0,-889,24,889,11,-854,-1565,0,0,0,0,0,0,0,0
3300,-5016,134,5012,65,-4814,-8824,0,-889,24,889,11,-854,-1565,0,0,0,0,0,0,0,0
3310,-5034,134,5030,65,-4831,-8855,0,-889,24,889,11,-854,-1565,0,0,0,0,0,0,0,0
3320,-5052,135,5048,65,-4848,-8886,0,-889,24,889,11,-854,-1565,0,0,0,0,0,0,0,0
3330,-5070,135,5066,65,-4865,-8918,0,-889,24,889,11,-854,-1565,0,0,0,0,0,0,0,0
3340,-5087,136,5083,66,-4882,-8949,0,-889,24,889,11,-854,-1565,0,0,0,0,0,0,0,0
3350,-5105,136,5101,66,-4899,-8980,0,-889,24,889,11,-854,-1565,0,0,0,0,0,0,0,0
3360,-5123,137,5119,66,-4916,-9012,0,-889,24,889,11,-854,-1565,0,0,0,0,0,0,0,0
3370,-5141,137,5137,66,-4933,-9043,0,-889,24,889,11,-854,-1565,0,0,0,0,0,0,0,0
3380,-5159,138,5154,66,-4950,-9074,0,-889,24,889,11,-854,-1565,0,0,0,0,0,0,0,0
3390,-5176,138,5172,67,-4968,-9105,0,-889,24,889,11,-854,-1565,0,0,0,0,0,0,0,0
3400,-5194,138,5190,67,-4985,-9137,0,-889,24,889,11,-854,-1565,0,0,0,0,0,0,0,0
3410,-5212,139,5208,67,-5002,-9168,0,-889,24,889,11,-854,-1565,0,0,0,0,0,0,0,0
3420,-5230,139,5226,67,-5019,-9199,0,-889,24,889,11,-854,-1565,0,0,0,0,0,0,0,0
3430,-5248,140,5243,68,-5036,-9231,0,-889,24,889,11,-854,-1565,0,0,0,0,0,0,0,0
3440,-5265,140,5261,68,-5053,-9262,0,-889,24,889,11,-854,-1565,0,0,0,0,0,0,0,0
3450,-5283,141,5279,68,-5070,-9293,0,-889,24,889,11,-854,-1565,0,0,0,0,0,0,0,0
3460,-5301,141,5297,68,-5087,-9324,0,-889,24,889,11,-854,-1565,0,0,0,0,0,0,0,0
3470,-5319,142,5314,68,-5104,-9356,0,-889,24,889,11,-854,-1565,0,0,0,0,0,0,0,0
3480,-5337,142,5332,69,-5121,-9387,0,-889,24,889,11,-854,-1565,0,0,0,0,0,0,0,0
3490,-5354,143,5350,69,-5138,-9418,0,-889,24,889,11,-854,-1565,0,0,0,0,0,0,0,0
3500,-5372,143,5368,69,-5155,-9450,0,-889,24,889,11,-854,-1565,0,0,0,0,0,0,0,0
3510,-5390,144,5385,69,-5172,-9481,0,-889,24,889,11,-854,-1565,0,0,0,0,0,0,0,0
3520,-5408,144,5403,70,-5189,-9512,0,-889,24,889,11,-854,-1565,0,0,0,0,0,0,0,0
3530,-5425,145,5421,70,-5207,-9544,0,-889,24,889,11,-854,-1565,0,0,0,0,0,0,0,0
3540,-5443,145,5439,70,-5224,-9575,0,-889,24,889,11,-854,-1565,0,0,0,0,0,0,0,0
3550,-5461,146,5457,70,-5241,-9606,0,-889,24,889,11,-854,-1565,0,0,0,0,0,0,0,0
3560,-5479,146,5474,71,-5258,-9637,0,-889,24,889,11,-854,-1565,0,0,0,0,0,0,0,0
3570,-5497,147,5492,71,-5275,-9669,0,-889,24,889,11,-854,-1565,0,0,0,0,0,0,0,0
3580,-5514,147,5510,71,-5292,-9700,0,-889,24,889,11,-854,-1565,0,0,0,0,0,0,0,0
3590,-5550,148,5545,71,-5326,-9763,0,-889,24,889,11,-854,-1565,0,0,0,0,0,0,0,0
3600,-5568,148,5563,72,-5343,-9794,0,-889,24,889,11,-854,-1565,0,0,0,0,0,0,0,0
3610,-5586,149,5581,72,-5360,-9825,0,-889,24,889,11,-854,-1565,0,0,0,0,0,0,0,0
3620,-5603,149,5599,72,-5377,-9856,0,-889,24,889,11,-854,-1565,0,0,0,0,0,0,0,0
3630,-5621,150,5617,72,-5394,-9888,0,-889,24,889,11,-854,-1565,0,0,0,0,0,0,0,0
3640,-5639,150,5634,73,-5411,-9919,0,-889,24,889,11,-854,-1565,0,0,0,0,0,0,0,0
3650,-5657,151,5652,73,-5428,-9950,0,-889,24,889,11,-854,-1565,0,0,0,0,0,0,0,0
3660,-5674,151,5670,73,-5446,-9982,0,-889,24,889,11,-854,-1565,0,0,0,0,0,0,0,0
3670,-5692,152,5688,73,-5463,-10013,0,-889,24,889,11,-854,-1565,0,0,0,0,0,0,0,0
3680,-5710,152,5705,74,-5480,-10044,0,-889,24,889,11,-854,-1565,0,0,0,0,0,0,0,0
3690,-5728,153,5723,74,-5497,-10075,0,-889,24,889,11,-854,-1565,0,0,0,0,0,0,0,0
3700,-5746,153,5741,74,-5514,-10107,0,-889,24,889,11,-854,-1565,0,0,0,0,0,0,0,0
3710,-5763,154,5759,74,-5531,-10138,0,-889,24,889,11,-854,-1565,0,0,0,0,0,0,0,0
3720,-5781,154,5777,74,-5548,-10169,0,-889,24,889,11,-854,-1565,0,0,0,0,0,0,0,0
3730,-5799,155,5794,75,-5565,-10201,0,-889,24,889,11,-854,-1565,0,0,0,0,0,0,0,0
3740,-5817,155,5812,75,-5582,-10232,0,-889,24,889,11,-854,-1565,0,0,0,0,0,0,0,0
3750,-5835,156,5830,75,-5599,-10263,0,-889,24,889,11,-854,-1565,0,0,0,0,0,0,0,0
3760,-5852,156,5848,75,-5616,-10294,0,-889,24,889,11,-854,-1565,0,0,0,0,0,0,0,0
3770,-5870,157,5865,76,-5633,-10326,0,-889,24,889,11,-854,-1565,0,0,0,0,0,0,0,0
3780,-5888,157,5883,76,-5650,-10357,0,-889,24,889,11,-854,-1565,0,0,0,0,0,0,0,0
3790,-5906,157,5901,76,-5667,-10388,0,-889,24,889,11,-854,-1565,0,0,0,0,0,0,0,0
3800,-5924,158,5919,76,-5685,-10420,0,-889,24,889,11,-854,-1565,0,0,0,0,0,0,0,0
3810,-5941,158,5936,77,-5702,-10451,0,-889,24,889,11,-854,-1565,0,0,0,0,0,0,0,0
3820,-5959,159,5954,77,-5719,-10482,0,-889,24,889,11,-854,-1565,0,0,0,0,0,0,0,0
3830,-5977,159,5972,77,-5736,-10514,0,-889,24,889,11,-854,-1565,0,0,0,0,0,0,0,0
3840,-5995,160,5990,77,-5753,-10545,0,-889,24,889,11,-854,-1565,0,0,0,0,0,0,0,0
3850,-6012,160,6008,77,-5770,-10576,0,-889,24,889,11,-854,-1565,0,0,0,0,0,0,0,0
3860,-6030,161,6025,78,-5787,-10607,0,-889,24,889,11,-854,-1565,0,0,0,0,0,0,0,0
3870,-6048,161,6043,78,-5804,-10639,0,-889,24,889,11,-854,-1565,0,0,0,0,0,0,0,0
3880,-6066,162,6061,78,-5821,-10670,0,-889,24,889,11,-854,-1565,0,0,0,0,0,0,0,0
3890,-6084,162,6079,78,-5838,-10701,0,-889,24,889,11,-854,-1565,0,0,0,0,0,0,0,0
3900,-6101,163,6096,79,-5855,-10733,0,-889,24,889,11,-854,-1565,0,0,0,0,0,0,0,0
3910,-6119,163,6114,79,-5872,-10764,0,-889,24,889,11,-854,-1565,0,0,0,0,0,0,0,0
3920,-6137,164,6132,79,-5889,-10795,0,-889,24,889,11,-854,-1565,0,0,0,0,0,0,0,0
3930,-6155,164,6150,79,-5906,-10826,0,-889,24,889,11,-854,-1565,0,0,0,0,0,0,0,0
3940,-6173,165,6168,79,-5924,-10858,0,-889,24,889,11,-854,-1565,0,0,0,0,0,0,0,0
3950,-6190,165,6185,80,-5941,-10889,0,-889,24,889,11,-854,-1565,0,0,0,0,0,0,0,0
3960,-6208,166,6203,80,-5958,-10920,0,-889,24,889,11,-854,-1565,0,0,0,0,0,0,0,0
3970,-6226,166,6221,80,-5975,-10952,0,-889,24,889,11,-854,-1565,0,0,0,0,0,0,0,0
3980,-6244,166,6239,80,-5992,-10983,0,-889,24,889,11,-854,-1565,0,0,0,0,0,0,0,0
3990,-6261,167,6256,81,-6009,-11014,0,-889,24,889,11,-854,-1565,0,0,0,0,0,0,0,0
4000,-6279,167,6274,81,-6026,-11045,0,-889,24,889,11,-854,-1565,0,0,0,0,0,0,0,0
4010,-6297,168,6292,81,-6043,-11077,0,-889,24,889,11,-854,-1565,0,0,0,0,0,0,0,0
4020,-6315,168,6310,81,-6060,-11108,0,-889,24,889,11,-854,-1565,0,0,0,0,0,0,0,0
4030,-6333,169,6328,82,-6077,-11139,0,-889,24,889,11,-854,-1565,0,0,0,0,0,0,0,0
4040,-6350,169,6345,82,-6094,-11171,0,-889,24,889,11,-854,-1565,0,0,0,0,0,0,0,0
4050,-6368,170,6363,82,-6111,-11202,0,-889,24,889,11,-854,-1565,0,0,0,0,0,0,0,0
4060,-6386,170,6381,82,-6128,-11233,0,-889,24,889,11,-854,-1565,0,0,0,0,0,0,0,0
4070,-6404,171,6399,82,-6145,-11264,0,-889,24,889,11,-854,-1565,0,0,0,0,0,0,0,0
4080,-6422,171,6416,83,-6162,-11296,0,-889,24,889,11,-854,-1565,0,0,0,0,0,0,0,0
4090,-6439,172,6434,83,-6180,-11327,0,-889,24,889,11,-854,-1565,0,0,0,0,0,0,0,0
4100,-6457,172,6452,83,-6197,-11358,0,-889,24,889,11,-854,-1565,0,0,0,0,0,0,0,0
4110,-6475,173,6470,83,-6214,-11390,0,-889,24,889,11,-854,-1565,0,0,0,0,0,0,0,0
4120,-6493,173,6487,84,-6231,-11421,0,-889,24,889,11,-854,-1565,0,0,0,0,0,0,0,0
4130,-6511,174,6505,84,-6248,-11452,0,-889,24,889,11,-854,-1565,0,0,0,0,0,0,0,0
4140,-6528,174,6523,84,-6265,-11483,0,-889,24,889,11,-854,-1565,0,0,0,0,0,0,0,0
4150,-6546,175,6541,84,-6282,-11515,0,-889,24,889,11,-854,-1565,0,0,0,0,0,0,0,0
4160,-6564,175,6559,85,-6299,-11546,0,-889,24,889,11,-854,-1565,0,0,0,0,0,0,0,0
4170,-6582,175,6576,85,-6316,-11577,0,-889,24,889,11,-854,-1565,0,0,0,0,0,0,0,0
4180,-6599,176,6594,85,-6333,-11609,0,-889,24,889,11,-854,-1565,0,0,0,0,0,0,0,0
4190,-6617,176,6612,85,-6350,-11640,0,-889,24,889,11,-854,-1565,0,0,0,0,0,0,0,0
4200,-6635,177,6630,85,-6367,-11671,0,-889,24,889,11,-854,-1565,0,0,0,0,0,0,0,0
4210,-6653,177,6647,86,-6384,-11703,0,-889,24,889,11,-854,-1565,0,0,0,0,0,0,0,0
4220,-6671,178,6665,86,-6401,-11734,0,-889,24,889,11,-854,-1565,0,0,0,0,0,0,0,0
4230,-6688,178,6683,86,-6419,-11765,0,-889,24,889,11,-854,-1565,0,0,0,0,0,0,0,0
4240,-6706,179,6701,86,-6436,-11796,0,-889,24,889,11,-854,-1565,0,0,0,0,0,0,0,0
4250,-6724,179,6719,87,-6453,-11828,0,-889,24,889,11,-854,-1565,0,0,0,0,0,0,0,0
4260,-6742,180,6736,87,-6470,-11859,0,-889,24,889,11,-854,-1565,0,0,0,0,0,0,0,0
4270,-6760,180,6754,87,-6487,-11890,0,-889,24,889,11,-854,-1565,0,0,0,0,0,0,0,0
4280,-6777,181,6772,87,-6504,-11922,0,-889,24,889,11,-854,-1565,0,0,0,0,0,0,0,0
4290,-6795,181,6790,87,-6521,-11953,0,-889,24,889,11,-854,-1565,0,0,0,0,0,0,0,0
4300,-6813,182,6807,88,-6538,-11984,0,-889,24,889,11,-854,-1565,0,0,0,0,0,0,0,0
4310,-6831,182,6825,88,-6555,-12015,0,-889,24,889,11,-854,-1565,0,0,0,0,0,0,0,0
4320,-6849,183,6843,88,-6572,-12047,0,-889,24,889,11,-854,-1565,0,0,0,0,0,0,0,0
4330,-6866,183,6861,88,-6589,-12078,0,-889,24,889,11,-854,-1565,0,0,0,0,0,0,0,0
4340,-6884,184,6878,89,-6606,-12109,0,-889,24,889,11,-854,-1565,0,0,0,0,0,0,0,0
4350,-6902,184,6896,89,-6623,-12141,0,-889,24,889,11,-854,-1565,0,0,0,0,0,0,0,0
4360,-6920,184,6914,89,-6640,-12172,0,-889,24,889,11,-854,-1565,0,0,0,0,0,0,0,0
4370,-6937,185,6932,89,-6658,-12203,0,-889,24,889,11,-854,-1565,0,0,0,0,0,0,0,0
4380,-6955,185,6950,90,-6675,-12234,0,-889,24,889,11,-854,-1565,0,0,0,0,0,0,0,0
4390,-6973,186,6967,90,-6692,-12266,0,-889,24,889,11,-854,-1565,0,0,0,0,0,0,0,0
4400,-6991,186,6985,90,-6709,-12297,0,-889,24,889,11,-854,-1565,0,0,0,0,0,0,0,0
4410,-7009,187,7003,90,-6726,-12328,0,-889,24,889,11,-854,-1565,0,0,0,0,0,0,0,0
4420,-7026,187,7021,90,-6743,-12360,0,-889,24,889,11,-854,-1565,0,0,0,0,0,0,0,0
4430,-7044,188,7038,91,-6760,-12391,0,-889,24,889,11,-854,-1565,0,0,0,0,0,0,0,0
4440,-7062,188,7056,91,-6777,-12422,0,-889,24,889,11,-854,-1565,0,0,0,0,0,0,0,0
4450,-7080,189,7074,91,-6794,-12453,0,-889,24,889,11,-854,-1565,0,0,0,0,0,0,0,0
4460,-7098,189,7092,91,-6811,-12485,0,-889,24,889,11,-854,-1565,0,0,0,0,0,0,0,0
4470,-7115,190,7110,92,-6828,-12516,0,-889,24,889,11,-854,-1565,0,0,0,0,0,0,0,0
4480,-7133,190,7127,92,-6845,-12547,0,-889,24,889,11,-854,-1565,0,0,0,0,0,0,0,0
4490,-7151,191,7145,92,-6862,-12579,0,-889,24,889,11,-854,-1565,0,0,0,0,0,0,0,0
4500,-7169,191,7163,92,-6879,-12610,0,-889,24,889,11,-854,-1565,0,0,0,0,0,0,0,0
4510,-7186,192,7181,93,-6897,-12641,0,-889,24,889,11,-854,-1565,0,0,0,0,0,0,0,0
4520,-7204,192,7198,93,-6914,-12673,0,-889,24,889,11,-854,-1565,0,0,0,0,0,0,0,0
4530,-7222,193,7216,93,-6931,-12704,0,-889,24,889,11,-854,-1565,0,0,0,0,0,0,0,0
4540,-7240,193,7234,93,-6948,-12735,0,-889,24,889,11,-854,-1565,0,0,0,0,0,0,0,0
4550,-7258,193,7252,93,-6965,-12766,0,-889,24,889,11,-854,-1565,0,0,0,0,0,0,0,0
4560,-7275,194,7270,94,-6982,-12798,0,-889,24,889,11,-854,-1565,0,0,0,0,0,0,0,0
4570,-7293,194,7287,94,-6999,-12829,0,-889,24,889,11,-854,-1565,0,0,0,0,0,0,0,0
4580,-7311,195,7305,94,-7016,-12860,0,-889,24,889,11,-854,-1565,0,0,0,0,0,0,0,0
4590,-7329,195,7323,94,-7033,-12892,0,-889,24,889,11,-854,-1565,0,0,0,0,0,0,0,0
4600,-7347,196,7341,95,-7050,-12923,0,-889,24,889,11,-854,-1565,0,0,0,0,0,0,0,0
4610,-7364,196,7358,95,-7067,-12954,0,-889,24,889,11,-854,-1565,0,0,0,0,0,0,0,0
4620,-7382,197,7376,95,-7084,-12985,0,-889,24,889,11,-854,-1565,0,0,0,0,0,0,0,0
4630,-7400,197,7394,95,-7101,-13017,0,-889,24,889,11,-854,-1565,0,0,0,0,0,0,0,0
4640,-7418,198,7412,96,-7118,-13048,0,-889,24,889,11,-854,-1565,0,0,0,0,0,0,0,0
4650,-7436,198,7429,96,-7136,-13079,0,-889,24,889,11,-854,-1565,0,0,0,0,0,0,0,0
4660,-7453,199,7447,96,-7153,-13111,0,-889,24,889,11,-854,-1565,0,0,0,0,0,0,0,0
4670,-7471,199,7465,96,-7170,-13142,0,-889,24,889,11,-854,-1565,0,0,0,0,0,0,0,0
4680,-7489,200,7483,96,-7187,-13173,0,-889,24,889,11,-854,-1565,0,0,0,0,0,0,0,0
4690,-7507,200,7501,97,-7204,-13204,0,-889,24,889,11,-854,-1565,0,0,0,0,0,0,0,0
4700,-7524,201,7518,97,-7221,-13236,0,-889,24,889,11,-854,-1565,0,0,0,0,0,0,0,0
4710,-7542,201,7536,97,-7238,-13267,0,-889,24,889,11,-854,-1565,0,0,0,0,0,0,0,0
4720,-7560,202,7554,97,-7255,-13298,0,-889,24,889,11,-854,-1565,0,0,0,0,0,0,0,0
4730,-7578,202,7572,98,-7272,-13330,0,-889,24,889,11,-854,-1565,0,0,0,0,0,0,0,0
4740,-7596,202,7589,98,-7289,-13361,0,-889,24,889,11,-854,-1565,0,0,0,0,0,0,0,0
4750,-7613,203,7607,98,-7306,-13392,0,-889,24,889,11,-854,-1565,0,0,0,0,0,0,0,0
4760,-7631,203,7625,98,-7323,-13423,0,-889,24,889,11,-854,-1565,0,0,0,0,0,0,0,0
4770,-7649,204,7643,99,-7340,-13455,0,-889,24,889,11,-854,-1565,0,0,0,0,0,0,0,0
4780,-7667,204,7661,99,-7357,-13486,0,-889,24,889,11,-854,-1565,0,0,0,0,0,0,0,0
4790,-7685,205,7678,99,-7375,-13517,0,-889,24,889,11,-854,-1565,0,0,0,0,0,0,0,0
4800,-7702,205,7696,99,-7392,-13549,0,-889,24,889,11,-854,-1565,0,0,0,0,0,0,0,0
4810,-7720,206,7714,99,-7409,-13580,0,-889,24,889,11,-854,-1565,0,0,0,0,0,0,0,0
4820,-7738,206,7732,100,-7426,-13611,0,-889,24,889,11,-854,-1565,0,0,0,0,0,0,0,0
4830,-7756,207,7749,100,-7443,-13643,0,-889,24,889,11,-854,-1565,0,0,0,0,0,0,0,0
4840,-7774,207,7767,100,-7460,-13674,0,-889,24,889,11,-854,-1565,0,0,0,0,0,0,0,0
4850,-7791,208,7785,100,-7477,-13705,0,-889,24,889,11,-854,-1565,0,0,0,0,0,0,0,0
4860,-7809,208,7803,101,-7494,-13736,0,-889,24,889,11,-854,-1565,0,0,0,0,0,0,0,0
4870,-7827,209,7821,101,-7511,-13768,0,-889,24,889,11,-854,-1565,0,0,0,0,0,0,0,0
4880,-7845,209,7838,101,-7528,-13799,0,-889,24,889,11,-854,-1565,0,0,0,0,0,0,0,0
4890,-7862,210,7856,101,-7545,-13830,0,-889,24,889,11,-854,-1565,0,0,0,0,0,0,0,0
4900,-7880,210,7874,101,-7562,-13862,0,-889,24,889,11,-854,-1565,0,0,0,0,0,0,0,0
4910,-7898,211,7892,102,-7579,-13893,0,-889,24,889,11,-854,-1565,0,0,0,0,0,0,0,0
4920,-7916,211,7909,102,-7596,-13924,0,-889,24,889,11,-854,-1565,0,0,0,0,0,0,0,0
4930,-7934,212,7927,102,-7613,-13955,0,-889,24,889,11,-854,-1565,0,0,0,0,0,0,0,0
4940,-7951,212,7945,102,-7631,-13987,0,-889,24,889,11,-854,-1565,0,0,0,0,0,0,0,0
4950,-7969,212,7963,103,-7648,-14018,0,-889,24,889,11,-854,-1565,0,0,0,0,0,0,0,0
4960,-7987,213,7980,103,-7665,-14049,0,-889,24,889,11,-854,-1565,0,0,0,0,0,0,0,0
4970,-8005,213,7998,103,-7682,-14081,0,-889,24,889,11,-854,-1565,0,0,0,0,0,0,0,0
4980,-8023,214,8016,103,-7699,-14112,0,-889,24,889,11,-854,-1565,0,0,0,0,0,0,0,0
4990,-8040,214,8034,104,-7716,-14143,0,-889,24,889,11,-854,-1565,0,0,0,0,0,0,0,0
5000,-8058,215,8052,104,-7733,-14174,0,-889,24,889,11,-854,-1565,0,0,0,0,0,0,0,0
5010,-8076,215,8069,104,-7750,-14206,0,-889,24,889,11,-854,-1565,0,0,0,0,0,0,0,0
5020,-8094,216,8087,104,-7767,-14237,0,-889,24,889,11,-854,-1565,0,0,0,0,0,0,0,0
5030,-8111,216,8105,104,-7784,-14268,0,-889,24,889,11,-854,-1565,0,0,0,0,0,0,0,0
5040,-8129,217,8123,105,-7801,-14300,0,-889,24,889,11,-854,-1565,0,0,0,0,0,0,0,0
5050,-8147,217,8140,105,-7818,-14331,0,-889,24,889,11,-854,-1565,0,0,0,0,0,0,0,0
5060,-8165,218,8158,105,-7835,-14362,0,-889,24,889,11,-854,-1565,0,0,0,0,0,0,0,0
5070,-8183,218,8176,105,-7852,-14393,0,-889,24,889,11,-854,-1565,0,0,0,0,0,0,0,0
5080,-8200,219,8194,106,-7870,-14425,0,-889,24,889,11,-854,-1565,0,0,0,0,0,0,0,0
5090,-8218,219,8212,106,-7887,-14456,0,-889,24,889,11,-854,-1565,0,0,0,0,0,0,0,0
5100,-8236,220,8229,106,-7904,-14487,0,-889,24,889,11,-854,-1565,0,0,0,0,0,0,0,0
5110,-8254,220,8247,106,-7921,-14519,0,-889,24,889,11,-854,-1565,0,0,0,0,0,0,0,0
5120,-8272,221,8265,107,-7938,-14550,0,-889,24,889,11,-854,-1565,0,0,0,0,0,0,0,0
5130,-8289,221,8283,107,-7955,-14581,0,-889,24,889,11,-854,-1565,0,0,0,0,0,0,0,0
5140,-8307,221,8300,107,-7972,-14613,0,-889,24,889,11,-854,-1565,0,0,0,0,0,0,0,0
5150,-8325,222,8318,107,-7989,-14644,0,-889,24,889,11,-854,-1565,0,0,0,0,0,0,0,0
5160,-8343,222,8336,107,-8006,-14675,0,-889,24,889,11,-854,-1565,0,0,0,0,0,0,0,0
5170,-8361,223,8354,108,-8023,-14706,0,-889,24,889,11,-854,-1565,0,0,0,0,0,0,0,0
5180,-8378,223,8372,108,-8040,-14738,0,-889,24,889,11,-854,-1565,0,0,0,0,0,0,0,0
5190,-8396,224,8389,108,-8057,-14769,0,-889,24,889,11,-854,-1565,0,0,0,0,0,0,0,0
5200,-8414,224,8407,108,-8074,-14800,0,-889,24,889,11,-854,-1565,0,0,0,0,0,0,0,0
5210,-8432,225,8425,109,-8091,-14832,0,-889,24,889,11,-854,-1565,0,0,0,0,0,0,0,0
5220,-8449,225,8443,109,-8109,-14863,0,-889,24,889,11,-854,-1565,0,0,0,0,0,0,0,0
5230,-8467,226,8460,109,-8126,-14894,0,-889,24,889,11,-854,-1565,0,0,0,0,0,0,0,0
5240,-8485,226,8478,109,-8143,-14925,0,-889,24,889,11,-854,-1565,0,0,0,0,0,0,0,0
5250,-8503,227,8496,109,-8160,-14957,0,-889,24,889,11,-854,-1565,0,0,0,0,0,0,0,0
5260,-8521,227,8514,110,-8177,-14988,0,-889,24,889,11,-854,-1565,0,0,0,0,0,0,0,0
5270,-8538,228,8531,110,-8194,-15019,0,-889,24,889,11,-854,-1565,0,0,0,0,0,0,0,0
5280,-8556,228,8549,110,-8211,-15051,0,-889,24,889,11,-854,-1565,0,0,0,0,0,0,0,0
5290,-8574,229,8567,110,-8228,-15082,0,-889,24,889,11,-854,-1565,0,0,0,0,0,0,0,0
5300,-8592,229,8585,111,-8245,-15113,0,-889,24,889,11,-854,-1565,0,0,0,0,0,0,0,0
5310,-8610,230,8603,111,-8262,-15144,0,-889,24,889,11,-854,-1565,0,0,0,0,0,0,0,0
5320,-8627,230,8620,111,-8279,-15176,0,-889,24,889,11,-854,-1565,0,0,0,0,0,0,0,0
5330,-8645,230,8638,111,-8296,-15207,0,-889,24,889,11,-854,-1565,0,0,0,0,0,0,0,0
5340,-8663,231,8656,112,-8313,-15238,0,-889,24,889,11,-854,-1565,0,0,0,0,0,0,0,0
5350,-8681,231,8674,112,-8330,-15270,0,-889,24,889,11,-854,-1565,0,0,0,0,0,0,0,0
5360,-8699,232,8691,112,-8348,-15301,0,-889,24,889,11,-854,-1565,0,0,0,0,0,0,0,0
5370,-8716,232,8709,112,-8365,-15332,0,-889,24,889,11,-854,-1565,0,0,0,0,0,0,0,0
5380,-8734,233,8727,112,-8382,-15363,0,-889,24,889,11,-854,-1565,0,0,0,0,0,0,0,0
5390,-8752,233,8745,113,-8399,-15395,0,-889,24,889,11,-854,-1565,0,0,0,0,0,0,0,0
5400,-8770,234,8763,113,-8416,-15426,0,-889,24,889,11,-854,-1565,0,0,0,0,0,0,0,0
5410,-8787,234,8780,113,-8433,-15457,0,-889,24,889,11,-854,-1565,0,0,0,0,0,0,0,0
5420,-8805,235,8798,113,-8450,-15489,0,-889,24,889,11,-854,-1565,0,0,0,0,0,0,0,0
5430,-8823,235,8816,114,-8467,-15520,0,-889,24,889,11,-854,-1565,0,0,0,0,0,0,0,0
5440,-8841,236,8834,114,-8484,-15551,0,-889,24,889,11,-854,-1565,0,0,0,0,0,0,0,0
5450,-8876,237,8869,114,-8518,-15614,0,-889,24,889,11,-854,-1565,0,0,0,0,0,0,0,0
5460,-8894,237,8887,115,-8535,-15645,0,-889,24,889,11,-854,-1565,0,0,0,0,0,0,0,0
5470,-8912,238,8905,115,-8552,-15676,0,-889,24,889,11,-854,-1565,0,0,0,0,0,0,0,0
5480,-8930,238,8922,115,-8569,-15708,0,-889,24,889,11,-854,-1565,0,0,0,0,0,0,0,0
5490,-8948,239,8940,115,-8587,-15739,0,-889,24,889,11,-854,-1565,0,0,0,0,0,0,0,0
5500,-8965,239,8958,115,-8604,-15770,0,-889,24,889,11,-854,-1565,0,0,0,0,0,0,0,0
5510,-8983,239,8976,116,-8621,-15802,0,-889,24,889,11,-854,-1565,0,0,0,0,0,0,0,0
5520,-9001,240,8994,116,-8638,-15833,0,-889,24,889,11,-854,-1565,0,0,0,0,0,0,0,0
5530,-9019,240,9011,116,-8655,-15864,0,-889,24,889,11,-854,-1565,0,0,0,0,0,0,0,0
5540,-9036,241,9029,116,-8672,-15895,0,-889,24,889,11,-854,-1565,0,0,0,0,0,0,0,0
5550,-9054,241,9047,117,-8689,-15927,0,-889,24,889,11,-854,-1565,0,0,0,0,0,0,0,0
5560,-9072,242,9065,117,-8706,-15958,0,-889,24,889,11,-854,-1565,0,0,0,0,0,0,0,0
5570,-9090,242,9082,117,-8723,-15989,0,-889,24,889,11,-854,-1565,0,0,0,0,0,0,0,0
5580,-9108,243,9100,117,-8740,-16021,0,-889,24,889,11,-854,-1565,0,0,0,0,0,0,0,0
5590,-9125,243,9118,118,-8757,-16052,0,-889,24,889,11,-854,-1565,0,0,0,0,0,0,0,0
5600,-9143,244,9136,118,-8774,-16083,0,-889,24,889,11,-854,-1565,0,0,0,0,0,0,0,0
5610,-9161,244,9154,118,-8791,-16114,0,-889,24,889,11,-854,-1565,0,0,0,0,0,0,0,0
5620,-9179,245,9171,118,-8808,-16146,0,-889,24,889,11,-854,-1565,0,0,0,0,0,0,0,0
5630,-9197,245,9189,118,-8825,-16177,0,-889,24,889,11,-854,-1565,0,0,0,0,0,0,0,0
5640,-9214,246,9207,119,-8843,-16208,0,-889,24,889,11,-854,-1565,0,0,0,0,0,0,0,0
5650,-9232,246,9225,119,-8860,-16240,0,-889,24,889,11,-854,-1565,0,0,0,0,0,0,0,0
5660,-9250,247,9242,119,-8877,-16271,0,-889,24,889,11,-854,-1565,0,0,0,0,0,0,0,0
5670,-9268,247,9260,119,-8894,-16302,0,-889,24,889,11,-854,-1565,0,0,0,0,0,0,0,0
5680,-9286,248,9278,120,-8911,-16333,0,-889,24,889,11,-854,-1565,0,0,0,0,0,0,0,0
5690,-9303,248,9296,120,-8928,-16365,0,-889,24,889,11,-854,-1565,0,0,0,0,0,0,0,0
5700,-9321,248,9314,120,-8945,-16396,0,-889,24,889,11,-854,-1565,0,0,0,0,0,0,0,0
5710,-9339,249,9331,120,-8962,-16427,0,-889,24,889,11,-854,-1565,0,0,0,0,0,0,0,0
5720,-9357,249,9349,120,-8979,-16459,0,-889,24,889,11,-854,-1565,0,0,0,0,0,0,0,0
5730,-9374,250,9367,121,-8996,-16490,0,-889,24,889,11,-854,-1565,0,0,0,0,0,0,0,0
5740,-9392,250,9385,121,-9013,-16521,0,-889,24,889,11,-854,-1565,0,0,0,0,0,0,0,0
5750,-9410,251,9402,121,-9030,-16553,0,-889,24,889,11,-854,-1565,0,0,0,0,0,0,0,0
5760,-9428,251,9420,121,-9047,-16584,0,-889,24,889,11,-854,-1565,0,0,0,0,0,0,0,0
5770,-9446,252,9438,122,-9064,-16615,0,-889,24,889,11,-854,-1565,0,0,0,0,0,0,0,0
5780,-9463,252,9456,122,-9082,-16646,0,-889,24,889,11,-854,-1565,0,0,0,0,0,0,0,0
5790,-9481,253,9473,122,-9099,-16678,0,-889,24,889,11,-854,-1565,0,0,0,0,0,0,0,0
5800,-9499,253,9491,122,-9116,-16709,0,-889,24,889,11,-854,-1565,0,0,0,0,0,0,0,0
5810,-9517,254,9509,123,-9133,-16740,0,-889,24,889,11,-854,-1565,0,0,0,0,0,0,0,0
5820,-9535,254,9527,123,-9150,-16772,0,-889,24,889,11,-854,-1565,0,0,0,0,0,0,0,0
5830,-9552,255,9545,123,-9167,-16803,0,-889,24,889,11,-854,-1565,0,0,0,0,0,0,0,0
5840,-9570,255,9562,123,-9184,-16834,0,-889,24,889,11,-854,-1565,0,0,0,0,0,0,0,0
5850,-9588,256,9580,123,-9201,-16865,0,-889,24,889,11,-854,-1565,0,0,0,0,0,0,0,0
5860,-9606,256,9598,124,-9218,-16897,0,-889,24,889,11,-854,-1565,0,0,0,0,0,0,0,0
5870,-9623,257,9616,124,-9235,-16928,0,-889,24,889,11,-854,-1565,0,0,0,0,0,0,0,0
5880,-9641,257,9633,124,-9252,-16959,0,-889,24,889,11,-854,-1565,0,0,0,0,0,0,0,0
5890,-9659,258,9651,124,-9269,-16991,0,-889,24,889,11,-854,-1565,0,0,0,0,0,0,0,0
5900,-9677,258,9669,125,-9286,-17022,0,-889,24,889,11,-854,-1565,0,0,0,0,0,0,0,0
5910,-9695,258,9687,125,-9303,-17053,0,-889,24,889,11,-854,-1565,0,0,0,0,0,0,0,0
5920,-9712,259,9705,125,-9321,-17084,0,-889,24,889,11,-854,-1565,0,0,0,0,0,0,0,0
5930,-9730,259,9722,125,-9338,-17116,0,-889,24,889,11,-854,-1565,0,0,0,0,0,0,0,0
5940,-9748,260,9740,126,-9355,-17147,0,-889,24,889,11,-854,-1565,0,0,0,0,0,0,0,0
5950,-9766,260,9758,126,-9372,-17178,0,-889,24,889,11,-854,-1565,0,0,0,0,0,0,0,0
5960,-9784,261,9776,126,-9389,-17210,0,-889,24,889,11,-854,-1565,0,0,0,0,0,0,0,0
5970,-9801,261,9793,126,-9406,-17241,0,-889,24,889,11,-854,-1565,0,0,0,0,0,0,0,0
5980,-9819,262,9811,126,-9423,-17272,0,-889,24,889,11,-854,-1565,0,0,0,0,0,0,0,0
5990,-9837,262,9829,127,-9440,-17303,0,-889,24,889,11,-854,-1565,0,0,0,0,0,0,0,0
6000,-9855,263,9847,127,-9457,-17335,0,-889,24,889,11,-854,-1565,0,0,0,0,0,0,0,0
6010,-9873,263,9865,127,-9474,-17366,0,-889,24,889,11,-854,-1565,0,0,0,0,0,0,0,0
6020,-9890,264,9882,127,-9491,-17397,0,-889,24,889,11,-854,-1565,0,0,0,0,0,0,0,0
6030,-9908,264,9900,128,-9508,-17429,0,-889,24,889,11,-854,-1565,0,0,0,0,0,0,0,0
6040,-9926,265,9918,128,-9525,-17460,0,-889,24,889,11,-854,-1565,0,0,0,0,0,0,0,0
6050,-9944,265,9936,128,-9542,-17491,0,-889,24,889,11,-854,-1565,0,0,0,0,0,0,0,0
6060,-9961,266,9953,128,-9560,-17523,0,-889,24,889,11,-854,-1565,0,0,0,0,0,0,0,0
6070,-9979,266,9971,129,-9577,-17554,0,-889,24,889,11,-854,-1565,0,0,0,0,0,0,0,0
6080,-9997,267,9989,129,-9594,-17585,0,-889,24,889,11,-854,-1565,0,0,0,0,0,0,0,0
6090,-10015,267,10007,129,-9611,-17616,0,-889,24,889,11,-854,-1565,0,0,0,0,0,0,0,0
6100,-10033,267,10024,129,-9628,-17648,0,-889,24,889,11,-854,-1565,0,0,0,0,0,0,0,0
6110,-10050,268,10042,129,-9645,-17679,0,-889,24,889,11,-854,-1565,0,0,0,0,0,0,0,0
6120,-10068,268,10060,130,-9662,-17710,0,-889,24,889,11,-854,-1565,0,0,0,0,0,0,0,0
6130,-10086,269,10078,130,-9679,-17742,0,-889,24,889,11,-854,-1565,0,0,0,0,0,0,0,0
6140,-10104,269,10096,130,-9696,-17773,0,-889,24,889,11,-854,-1565,0,0,0,0,0,0,0,0
6150,-10122,270,10113,130,-9713,-17804,0,-889,24,889,11,-854,-1565,0,0,0,0,0,0,0,0
6160,-10139,270,10131,131,-9730,-17835,0,-889,24,889,11,-854,-1565,0,0,0,0,0,0,0,0
6170,-10157,271,10149,131,-9747,-17867,0,-889,24,889,11,-854,-1565,0,0,0,0,0,0,0,0
6180,-10175,271,10167,131,-9764,-17898,0,-889,24,889,11,-854,-1565,0,0,0,0,0,0,0,0
6190,-10193,272,10184,131,-9781,-17929,0,-889,24,889,11,-854,-1565,0,0,0,0,0,0,0,0
6200,-10211,272,10202,131,-9799,-17961,0,-889,24,889,11,-854,-1565,0,0,0,0,0,0,0,0
6210,-10228,273,10220,132,-9816,-17992,0,-889,24,889,11,-854,-1565,0,0,0,0,0,0,0,0
6220,-10246,273,10238,132,-9833,-18023,0,-889,24,889,11,-854,-1565,0,0,0,0,0,0,0,0
6230,-10264,274,10256,132,-9850,-18054,0,-889,24,889,11,-854,-1565,0,0,0,0,0,0,0,0
6240,-10282,274,10273,132,-9867,-18086,0,-889,24,889,11,-854,-1565,0,0,0,0,0,0,0,0
6250,-10299,275,10291,133,-9884,-18117,0,-889,24,889,11,-854,-1565,0,0,0,0,0,0,0,0
6260,-10317,275,10309,133,-9901,-18148,0,-889,24,889,11,-854,-1565,0,0,0,0,0,0,0,0
6270,-10335,276,10327,133,-9918,-18180,0,-889,24,889,11,-854,-1565,0,0,0,0,0,0,0,0
6280,-10353,276,10344,133,-9935,-18211,0,-889,24,889,11,-854,-1565,0,0,0,0,0,0,0,0
6290,-10371,276,10362,134,-9952,-18242,0,-889,24,889,11,-854,-1565,0,0,0,0,0,0,0,0
6300,-10388,277,10380,134,-9969,-18273,0,-889,24,889,11,-854,-1565,0,0,0,0,0,0,0,0
6310,-10406,277,10398,134,-9986,-18305,0,-889,24,889,11,-854,-1565,0,0,0,0,0,0,0,0
6320,-10424,278,10416,134,-10003,-18336,0,-889,24,889,11,-854,-1565,0,0,0,0,0,0,0,0
6330,-10442,278,10433,134,-10020,-18367,0,-889,24,889,11,-854,-1565,0,0,0,0,0,0,0,0
6340,-10460,279,10451,135,-10038,-18399,0,-889,24,889,11,-854,-1565,0,0,0,0,0,0,0,0
6350,-10477,279,10469,135,-10055,-18430,0,-889,24,889,11,-854,-1565,0,0,0,0,0,0,0,0
6360,-10495,280,10487,135,-10072,-18461,0,-889,24,889,11,-854,-1565,0,0,0,0,0,0,0,0
6370,-10513,280,10504,135,-10089,-18492,0,-889,24,889,11,-854,-1565,0,0,0,0,0,0,0,0
6380,-10531,281,10522,136,-10106,-18524,0,-889,24,889,11,-854,-1565,0,0,0,0,0,0,0,0
6390,-10548,281,10540,136,-10123,-18555,0,-889,24,889,11,-854,-1565,0,0,0,0,0,0,0,0
6400,-10566,282,10558,136,-10140,-18586,0,-889,24,889,11,-854,-1565,0,0,0,0,0,0,0,0
6410,-10584,282,10575,136,-10157,-18618,0,-889,24,889,11,-854,-1565,0,0,0,0,0,0,0,0
6420,-10602,283,10593,137,-10174,-18649,0,-889,24,889,11,-854,-1565,0,0,0,0,0,0,0,0
6430,-10620,283,10611,137,-10191,-18680,0,-889,24,889,11,-854,-1565,0,0,0,0,0,0,0,0
6440,-10637,284,10629,137,-10208,-18712,0,-889,24,889,11,-854,-1565,0,0,0,0,0,0,0,0
6450,-10655,284,10647,137,-10225,-18743,0,-889,24,889,11,-854,-1565,0,0,0,0,0,0,0,0
6460,-10673,285,10664,137,-10242,-18774,0,-889,24,889,11,-854,-1565,0,0,0,0,0,0,0,0
6470,-10691,285,10682,138,-10259,-18805,0,-889,24,889,11,-854,-1565,0,0,0,0,0,0,0,0
6480,-10709,285,10700,138,-10276,-18837,0,-889,24,889,11,-854,-1565,0,0,0,0,0,0,0,0
6490,-10726,286,10718,138,-10294,-18868,0,-889,24,889,11,-854,-1565,0,0,0,0,0,0,0,0
6500,-10744,286,10735,138,-10311,-18899,0,-889,24,889,11,-854,-1565,0,0,0,0,0,0,0,0
6510,-10762,287,10753,139,-10328,-18931,0,-889,24,889,11,-854,-1565,0,0,0,0,0,0,0,0
6520,-10780,287,10771,139,-10345,-18962,0,-889,24,889,11,-854,-1565,0,0,0,0,0,0,0,0
6530,-10798,288,10789,139,-10362,-18993,0,-889,24,889,11,-854,-1565,0,0,0,0,0,0,0,0
6540,-10815,288,10807,139,-10379,-19024,0,-889,24,889,11,-854,-1565,0,0,0,0,0,0,0,0
6550,-10833,289,10824,140,-10396,-19056,0,-889,24,889,11,-854,-1565,0,0,0,0,0,0,0,0
6560,-10851,289,10842,140,-10413,-19087,0,-889,24,889,11,-854,-1565,0,0,0,0,0,0,0,0
6570,-10869,290,10860,140,-10430,-19118,0,-889,24,889,11,-854,-1565,0,0,0,0,0,0,0,0
6580,-10886,290,10878,140,-10447,-19150,0,-889,24,889,11,-854,-1565,0,0,0,0,0,0,0,0
6590,-10904,291,10895,140,-10464,-19181,0,-889,24,889,11,-854,-1565,0,0,0,0,0,0,0,0
6600,-10922,291,10913,141,-10481,-19212,0,-889,24,889,11,-854,-1565,0,0,0,0,0,0,0,0
6610,-10940,292,10931,141,-10498,-19243,0,-889,24,889,11,-854,-1565,0,0,0,0,0,0,0,0
6620,-10958,292,10949,141,-10515,-19275,0,-889,24,889,11,-854,-1565,0,0,0,0,0,0,0,0
6630,-10975,293,10966,141,-10533,-19306,0,-889,24,889,11,-854,-1565,0,0,0,0,0,0,0,0
6640,-10993,293,10984,142,-10550,-19337,0,-889,24,889,11,-854,-1565,0,0,0,0,0,0,0,0
6650,-11011,294,11002,142,-10567,-19369,0,-889,24,889,11,-854,-1565,0,0,0,0,0,0,0,0
6660,-11029,294,11020,142,-10584,-19400,0,-889,24,889,11,-854,-1565,0,0,0,0,0,0,0,0
6670,-11047,295,11038,142,-10601,-19431,0,-889,24,889,11,-854,-1565,0,0,0,0,0,0,0,0
6680,-11064,295,11055,142,-10618,-19462,0,-889,24,889,11,-854,-1565,0,0,0,0,0,0,0,0
6690,-11082,295,11073,143,-10635,-19494,0,-889,24,889,11,-854,-1565,0,0,0,0,0,0,0,0
6700,-11100,296,11091,143,-10652,-19525,0,-889,24,889,11,-854,-1565,0,0,0,0,0,0,0,0
6710,-11118,296,11109,143,-10669,-19556,0,-889,24,889,11,-854,-1565,0,0,0,0,0,0,0,0
6720,-11136,297,11126,143,-10686,-19588,0,-889,24,889,11,-854,-1565,0,0,0,0,0,0,0,0
6730,-11153,297,11144,144,-10703,-19619,0,-889,24,889,11,-854,-1565,0,0,0,0,0,0,0,0
6740,-11171,298,11162,144,-10720,-19650,0,-889,24,889,11,-854,-1565,0,0,0,0,0,0,0,0
6750,-11189,298,11180,144,-10737,-19682,0,-889,24,889,11,-854,-1565,0,0,0,0,0,0,0,0
6760,-11207,299,11198,144,-10754,-19713,0,-889,24,889,11,-854,-1565,0,0,0,0,0,0,0,0
6770,-11224,299,11215,145,-10772,-19744,0,-889,24,889,11,-854,-1565,0,0,0,0,0,0,0,0
6780,-11242,300,11233,145,-10789,-19775,0,-889,24,889,11,-854,-1565,0,0,0,0,0,0,0,0
6790,-11260,300,11251,145,-10806,-19807,0,-889,24,889,11,-854,-1565,0,0,0,0,0,0,0,0
6800,-11278,301,11269,145,-10823,-19838,0,-889,24,889,11,-854,-1565,0,0,0,0,0,0,0,0
6810,-11296,301,11286,145,-10840,-19869,0,-889,24,889,11,-854,-1565,0,0,0,0,0,0,0,0
6820,-11313,302,11304,146,-10857,-19901,0,-889,24,889,11,-854,-1565,0,0,0,0,0,0,0,0
6830,-11331,302,11322,146,-10874,-19932,0,-889,24,889,11,-854,-1565,0,0,0,0,0,0,0,0
6840,-11349,303,11340,146,-10891,-19963,0,-889,24,889,11,-854,-1565,0,0,0,0,0,0,0,0
6850,-11367,303,11358,146,-10908,-19994,0,-889,24,889,11,-854,-1565,0,0,0,0,0,0,0,0
6860,-11385,304,11375,147,-10925,-20026,0,-889,24,889,11,-854,-1565,0,0,0,0,0,0,0,0
6870,-11402,304,11393,147,-10942,-20057,0,-889,24,889,11,-854,-1565,0,0,0,0,0,0,0,0
6880,-11420,304,11411,147,-10959,-20088,0,-889,24,889,11,-854,-1565,0,0,0,0,0,0,0,0
6890,-11438,305,11429,147,-10976,-20120,0,-889,24,889,11,-854,-1565,0,0,0,0,0,0,0,0
6900,-11456,305,11446,148,-10993,-20151,0,-889,24,889,11,-854,-1565,0,0,0,0,0,0,0,0
6910,-11473,306,11464,148,-11011,-20182,0,-889,24,889,11,-854,-1565,0,0,0,0,0,0,0,0
6920,-11491,306,11482,148,-11028,-20213,0,-889,24,889,11,-854,-1565,0,0,0,0,0,0,0,0
6930,-11509,307,11500,148,-11045,-20245,0,-889,24,889,11,-854,-1565,0,0,0,0,0,0,0,0
6940,-11527,307,11517,148,-11062,-20276,0,-889,24,889,11,-854,-1565,0,0,0,0,0,0,0,0
6950,-11545,308,11535,149,-11079,-20307,0,-889,24,889,11,-854,-1565,0,0,0,0,0,0,0,0
6960,-11562,308,11553,149,-11096,-20339,0,-889,24,889,11,-854,-1565,0,0,0,0,0,0,0,0
6970,-11580,309,11571,149,-11113,-20370,0,-889,24,889,11,-854,-1565,0,0,0,0,0,0,0,0
6980,-11598,309,11589,149,-11130,-20401,0,-889,24,889,11,-854,-1565,0,0,0,0,0,0,0,0
6990,-11616,310,11606,150,-11147,-20432,0,-889,24,889,11,-854,-1565,0,0,0,0,0,0,0,0
7000,-11634,310,11624,150,-11164,-20464,0,-889,24,889,11,-854,-1565,0,0,0,0,0,0,0,0
7010,-11651,311,11642,150,-11181,-20495,0,-889,24,889,11,-854,-1565,0,0,0,0,0,0,0,0
7020,-11669,311,11660,150,-11198,-20526,0,-889,24,889,11,-854,-1565,0,0,0,0,0,0,0,0
7030,-11687,312,11677,150,-11215,-20558,0,-889,24,889,11,-854,-1565,0,0,0,0,0,0,0,0
7040,-11705,312,11695,151,-11232,-20589,0,-889,24,889,11,-854,-1565,0,0,0,0,0,0,0,0
7050,-11723,313,11713,151,-11250,-20620,0,-889,24,889,11,-854,-1565,0,0,0,0,0,0,0,0
7060,-11740,313,11731,151,-11267,-20652,0,-889,24,889,11,-854,-1565,0,0,0,0,0,0,0,0
7070,-11758,313,11749,151,-11284,-20683,0,-889,24,889,11,-854,-1565,0,0,0,0,0,0,0,0
7080,-11776,314,11766,152,-11301,-20714,0,-889,24,889,11,-854,-1565,0,0,0,0,0,0,0,0
7090,-11794,314,11784,152,-11318,-20745,0,-889,24,889,11,-854,-1565,0,0,0,0,0,0,0,0
7100,-11811,315,11802,152,-11335,-20777,0,-889,24,889,11,-854,-1565,0,0,0,0,0,0,0,0
7110,-11829,315,11820,152,-11352,-20808,0,-889,24,889,11,-854,-1565,0,0,0,0,0,0,0,0
7120,-11847,316,11837,153,-11369,-20839,0,-889,24,889,11,-854,-1565,0,0,0,0,0,0,0,0
7130,-11865,316,11855,153,-11386,-20871,0,-889,24,889,11,-854,-1565,0,0,0,0,0,0,0,0
7140,-11883,317,11873,153,-11403,-20902,0,-889,24,889,11,-854,-1565,0,0,0,0,0,0,0,0
7150,-11900,317,11891,153,-11420,-20933,0,-889,24,889,11,-854,-1565,0,0,0,0,0,0,0,0
7160,-11918,318,11909,153,-11437,-20964,0,-889,24,889,11,-854,-1565,0,0,0,0,0,0,0,0
7170,-11936,318,11926,154,-11454,-20996,0,-889,24,889,11,-854,-1565,0,0,0,0,0,0,0,0
7180,-11954,319,11944,154,-11471,-21027,0,-889,24,889,11,-854,-1565,0,0,0,0,0,0,0,0
7190,-11972,319,11962,154,-11489,-21058,0,-889,24,889,11,-854,-1565,0,0,0,0,0,0,0,0
7200,-11989,320,11980,154,-11506,-21090,0,-889,24,889,11,-854,-1565,0,0,0,0,0,0,0,0
7210,-12007,320,11997,155,-11523,-21121,0,-889,24,889,11,-854,-1565,0,0,0,0,0,0,0,0
7220,-12025,321,12015,155,-11540,-21152,0,-889,24,889,11,-854,-1565,0,0,0,0,0,0,0,0
7230,-12043,321,12033,155,-11557,-21183,0,-889,24,889,11,-854,-1565,0,0,0,0,0,0,0,0
7240,-12060,322,12051,155,-11574,-21215,0,-889,24,889,11,-854,-1565,0,0,0,0,0,0,0,0
7250,-12078,322,12068,156,-11591,-21246,0,-889,24,889,11,-854,-1565,0,0,0,0,0,0,0,0
7260,-12096,322,12086,156,-11608,-21277,0,-889,24,889,11,-854,-1565,0,0,0,0,0,0,0,0
7270,-12132,323,12122,156,-11642,-21340,0,-889,24,889,11,-854,-1565,0,0,0,0,0,0,0,0
7280,-12149,324,12140,156,-11659,-21371,0,-889,24,889,11,-854,-1565,0,0,0,0,0,0,0,0
7290,-12167,324,12157,157,-11676,-21402,0,-889,24,889,11,-854,-1565,0,0,0,0,0,0,0,0
7300,-12185,325,12175,157,-11693,-21434,0,-889,24,889,11,-854,-1565,0,0,0,0,0,0,0,0
7310,-12203,325,12193,157,-11710,-21465,0,-889,24,889,11,-854,-1565,0,0,0,0,0,0,0,0
7320,-12221,326,12211,157,-11727,-21496,0,-889,24,889,11,-854,-1565,0,0,0,0,0,0,0,0
7330,-12238,326,12228,158,-11745,-21528,0,-889,24,889,11,-854,-1565,0,0,0,0,0,0,0,0
7340,-12256,327,12246,158,-11762,-21559,0,-889,24,889,11,-854,-1565,0,0,0,0,0,0,0,0
7350,-12274,327,12264,158,-11779,-21590,0,-889,24,889,11,-854,-1565,0,0,0,0,0,0,0,0
7360,-12292,328,12282,158,-11796,-21622,0,-889,24,889,11,-854,-1565,0,0,0,0,0,0,0,0
7370,-12310,328,12300,159,-11813,-21653,0,-889,24,889,11,-854,-1565,0,0,0,0,0,0,0,0
7380,-12327,329,12317,159,-11830,-21684,0,-889,24,889,11,-854,-1565,0,0,0,0,0,0,0,0
7390,-12345,329,12335,159,-11847,-21715,0,-889,24,889,11,-854,-1565,0,0,0,0,0,0,0,0
7400,-12363,330,12353,159,-11864,-21747,0,-889,24,889,11,-854,-1565,0,0,0,0,0,0,0,0
7410,-12381,330,12371,159,-11881,-21778,0,-889,24,889,11,-854,-1565,0,0,0,0,0,0,0,0
7420,-12398,331,12388,160,-11898,-21809,0,-889,24,889,11,-854,-1565,0,0,0,0,0,0,0,0
7430,-12416,331,12406,160,-11915,-21841,0,-889,24,889,11,-854,-1565,0,0,0,0,0,0,0,0
7440,-12434,331,12424,160,-11932,-21872,0,-889,24,889,11,-854,-1565,0,0,0,0,0,0,0,0
7450,-12452,332,12442,160,-11949,-21903,0,-889,24,889,11,-854,-1565,0,0,0,0,0,0,0,0
7460,-12470,332,12459,161,-11966,-21934,0,-889,24,889,11,-854,-1565,0,0,0,0,0,0,0,0
7470,-12487,333,12477,161,-11984,-21966,0,-889,24,889,11,-854,-1565,0,0,0,0,0,0,0,0
7480,-12505,333,12495,161,-12001,-21997,0,-889,24,889,11,-854,-1565,0,0,0,0,0,0,0,0
7490,-12523,334,12513,161,-12018,-22028,0,-889,24,889,11,-854,-1565,0,0,0,0,0,0,0,0
7500,-12541,334,12531,161,-12035,-22060,0,-889,24,889,11,-854,-1565,0,0,0,0,0,0,0,0
7510,-12559,335,12548,162,-12052,-22091,0,-889,24,889,11,-854,-1565,0,0,0,0,0,0,0,0
7520,-12576,335,12566,162,-12069,-22122,0,-889,24,889,11,-854,-1565,0,0,0,0,0,0,0,0
7530,-12594,336,12584,162,-12086,-22153,0,-889,24,889,11,-854,-1565,0,0,0,0,0,0,0,0
7540,-12612,336,12602,162,-12103,-22185,0,-889,24,889,11,-854,-1565,0,0,0,0,0,0,0,0
7550,-12630,337,12619,163,-12120,-22216,0,-889,24,889,11,-854,-1565,0,0,0,0,0,0,0,0
7560,-12648,337,12637,163,-12137,-22247,0,-889,24,889,11,-854,-1565,0,0,0,0,0,0,0,0
7570,-12665,338,12655,163,-12154,-22279,0,-889,24,889,11,-854,-1565,0,0,0,0,0,0,0,0
7580,-12683,338,12673,163,-12171,-22310,0,-889,24,889,11,-854,-1565,0,0,0,0,0,0,0,0
7590,-12701,339,12691,164,-12188,-22341,0,-889,24,889,11,-854,-1565,0,0,0,0,0,0,0,0
7600,-12719,339,12708,164,-12205,-22372,0,-889,24,889,11,-854,-1565,0,0,0,0,0,0,0,0
7610,-12736,340,12726,164,-12223,-22404,0,-889,24,889,11,-854,-1565,0,0,0,0,0,0,0,0
7620,-12754,340,12744,164,-12240,-22435,0,-889,24,889,11,-854,-1565,0,0,0,0,0,0,0,0
7630,-12772,340,12762,164,-12257,-22466,0,-889,24,889,11,-854,-1565,0,0,0,0,0,0,0,0
7640,-12790,341,12779,165,-12274,-22498,0,-889,24,889,11,-854,-1565,0,0,0,0,0,0,0,0
7650,-12808,341,12797,165,-12291,-22529,0,-889,24,889,11,-854,-1565,0,0,0,0,0,0,0,0
7660,-12825,342,12815,165,-12308,-22560,0,-889,24,889,11,-854,-1565,0,0,0,0,0,0,0,0
7670,-12843,342,12833,165,-12325,-22592,0,-889,24,889,11,-854,-1565,0,0,0,0,0,0,0,0
7680,-12861,343,12851,166,-12342,-22623,0,-889,24,889,11,-854,-1565,0,0,0,0,0,0,0,0
7690,-12879,343,12868,166,-12359,-22654,0,-889,24,889,11,-854,-1565,0,0,0,0,0,0,0,0
7700,-12897,344,12886,166,-12376,-22685,0,-889,24,889,11,-854,-1565,0,0,0,0,0,0,0,0
7710,-12914,344,12904,166,-12393,-22717,0,-889,24,889,11,-854,-1565,0,0,0,0,0,0,0,0
7720,-12932,345,12922,167,-12410,-22748,0,-889,24,889,11,-854,-1565,0,0,0,0,0,0,0,0
7730,-12950,345,12939,167,-12427,-22779,0,-889,24,889,11,-854,-1565,0,0,0,0,0,0,0,0
7740,-12968,346,12957,167,-12444,-22811,0,-889,24,889,11,-854,-1565,0,0,0,0,0,0,0,0
7750,-12985,346,12975,167,-12462,-22842,0,-889,24,889,11,-854,-1565,0,0,0,0,0,0,0,0
7760,-13003,347,12993,167,-12479,-22873,0,-889,24,889,11,-854,-1565,0,0,0,0,0,0,0,0
7770,-13021,347,13010,168,-12496,-22904,0,-889,24,889,11,-854,-1565,0,0,0,0,0,0,0,0
7780,-13039,348,13028,168,-12513,-22936,0,-889,24,889,11,-854,-1565,0,0,0,0,0,0,0,0
7790,-13057,348,13046,168,-12530,-22967,0,-889,24,889,11,-854,-1565,0,0,0,0,0,0,0,0
7800,-13074,349,13064,168,-12547,-22998,0,-889,24,889,11,-854,-1565,0,0,0,0,0,0,0,0
7810,-13092,349,13082,169,-12564,-23030,0,-889,24,889,11,-854,-1565,0,0,0,0,0,0,0,0
7820,-13110,350,13099,169,-12581,-23061,0,-889,24,889,11,-854,-1565,0,0,0,0,0,0,0,0
7830,-13128,350,13117,169,-12598,-23092,0,-889,24,889,11,-854,-1565,0,0,0,0,0,0,0,0
7840,-13146,350,13135,169,-12615,-23123,0,-889,24,889,11,-854,-1565,0,0,0,0,0,0,0,0
7850,-13163,351,13153,170,-12632,-23155,0,-889,24,889,11,-854,-1565,0,0,0,0,0,0,0,0
7860,-13181,351,13170,170,-12649,-23186,0,-889,24,889,11,-854,-1565,0,0,0,0,0,0,0,0
7870,-13199,352,13188,170,-12666,-23217,0,-889,24,889,11,-854,-1565,0,0,0,0,0,0,0,0
7880,-13217,352,13206,170,-12683,-23249,0,-889,24,889,11,-854,-1565,0,0,0,0,0,0,0,0
7890,-13235,353,13224,170,-12701,-23280,0,-889,24,889,11,-854,-1565,0,0,0,0,0,0,0,0
7900,-13252,353,13242,171,-12718,-23311,0,-889,24,889,11,-854,-1565,0,0,0,0,0,0,0,0
7910,-13270,354,13259,171,-12735,-23342,0,-889,24,889,11,-854,-1565,0,0,0,0,0,0,0,0
7920,-13288,354,13277,171,-12752,-23374,0,-889,24,889,11,-854,-1565,0,0,0,0,0,0,0,0
7930,-13306,355,13295,171,-12769,-23405,0,-889,24,889,11,-854,-1565,0,0,0,0,0,0,0,0
7940,-13323,355,13313,172,-12786,-23436,0,-889,24,889,11,-854,-1565,0,0,0,0,0,0,0,0
7950,-13341,356,13330,172,-12803,-23468,0,-889,24,889,11,-854,-1565,0,0,0,0,0,0,0,0
7960,-13359,356,13348,172,-12820,-23499,0,-889,24,889,11,-854,-1565,0,0,0,0,0,0,0,0
7970,-13377,357,13366,172,-12837,-23530,0,-889,24,889,11,-854,-1565,0,0,0,0,0,0,0,0
7980,-13395,357,13384,172,-12854,-23562,0,-889,24,889,11,-854,-1565,0,0,0,0,0,0,0,0
7990,-13412,358,13402,173,-12871,-23593,0,-889,24,889,11,-854,-1565,0,0,0,0,0,0,0,0
8000,-13430,358,13419,173,-12888,-23624,0,-889,24,889,11,-854,-1565,0,0,0,0,0,0,0,0
8010,-13448,359,13437,173,-12905,-23655,0,-889,24,889,11,-854,-1565,0,0,0,0,0,0,0,0
8020,-13466,359,13455,173,-12922,-23687,0,-889,24,889,11,-854,-1565,0,0,0,0,0,0,0,0
8030,-13484,359,13473,174,-12940,-23718,0,-889,24,889,11,-854,-1565,0,0,0,0,0,0,0,0
8040,-13501,360,13490,174,-12957,-23749,0,-889,24,889,11,-854,-1565,0,0,0,0,0,0,0,0
8050,-13519,360,13508,174,-12974,-23781,0,-889,24,889,11,-854,-1565,0,0,0,0,0,0,0,0
8060,-13537,361,13526,174,-12991,-23812,0,-889,24,889,11,-854,-1565,0,0,0,0,0,0,0,0
8070,-13555,361,13544,175,-13008,-23843,0,-889,24,889,11,-854,-1565,0,0,0,0,0,0,0,0
8080,-13573,362,13561,175,-13025,-23874,0,-889,24,889,11,-854,-1565,0,0,0,0,0,0,0,0
8090,-13590,362,13579,175,-13042,-23906,0,-889,24,889,11,-854,-1565,0,0,0,0,0,0,0,0
8100,-13608,363,13597,175,-13059,-23937,0,-889,24,889,11,-854,-1565,0,0,0,0,0,0,0,0
8110,-13626,363,13615,175,-13076,-23968,0,-889,24,889,11,-854,-1565,0,0,0,0,0,0,0,0
8120,-13644,364,13633,176,-13093,-24000,0,-889,24,889,11,-854,-1565,0,0,0,0,0,0,0,0
8130,-13661,364,13650,176,-13110,-24031,0,-889,24,889,11,-854,-1565,0,0,0,0,0,0,0,0
8140,-13679,365,13668,176,-13127,-24062,0,-889,24,889,11,-854,-1565,0,0,0,0,0,0,0,0
8150,-13697,365,13686,176,-13144,-24093,0,-889,24,889,11,-854,-1565,0,0,0,0,0,0,0,0
8160,-13715,366,13704,177,-13161,-24125,0,-889,24,889,11,-854,-1565,0,0,0,0,0,0,0,0
8170,-13733,366,13721,177,-13179,-24156,0,-889,24,889,11,-854,-1565,0,0,0,0,0,0,0,0
8180,-13750,367,13739,177,-13196,-24187,0,-889,24,889,11,-854,-1565,0,0,0,0,0,0,0,0
8190,-13768,367,13757,177,-13213,-24219,0,-889,24,889,11,-854,-1565,0,0,0,0,0,0,0,0
8200,-13786,368,13775,178,-13230,-24250,0,-889,24,889,11,-854,-1565,0,0,0,0,0,0,0,0
8210,-13804,368,13793,178,-13247,-24281,0,-889,24,889,11,-854,-1565,0,0,0,0,0,0,0,0
8220,-13822,368,13810,178,-13264,-24312,0,-889,24,889,11,-854,-1565,0,0,0,0,0,0,0,0
8230,-13839,369,13828,178,-13281,-24344,0,-889,24,889,11,-854,-1565,0,0,0,0,0,0,0,0
8240,-13857,369,13846,178,-13298,-24375,0,-889,24,889,11,-854,-1565,0,0,0,0,0,0,0,0
8250,-13875,370,13864,179,-13315,-24406,0,-889,24,889,11,-854,-1565,0,0,0,0,0,0,0,0
8260,-13893,370,13881,179,-13332,-24438,0,-889,24,889,11,-854,-1565,0,0,0,0,0,0,0,0
8270,-13910,371,13899,179,-13349,-24469,0,-889,24,889,11,-854,-1565,0,0,0,0,0,0,0,0
8280,-13928,371,13917,179,-13366,-24500,0,-889,24,889,11,-854,-1565,0,0,0,0,0,0,0,0
8290,-13946,372,13935,180,-13383,-24532,0,-889,24,889,11,-854,-1565,0,0,0,0,0,0,0,0
8300,-13964,372,13953,180,-13400,-24563,0,-889,24,889,11,-854,-1565,0,0,0,0,0,0,0,0
8310,-13982,373,13970,180,-13417,-24594,0,-889,24,889,11,-854,-1565,0,0,0,0,0,0,0,0
8320,-13999,373,13988,180,-13435,-24625,0,-889,24,889,11,-854,-1565,0,0,0,0,0,0,0,0
8330,-14017,374,14006,181,-13452,-24657,0,-889,24,889,11,-854,-1565,0,0,0,0,0,0,0,0
8340,-14035,374,14024,181,-13469,-24688,0,-889,24,889,11,-854,-1565,0,0,0,0,0,0,0,0
8350,-14053,375,14041,181,-13486,-24719,0,-889,24,889,11,-854,-1565,0,0,0,0,0,0,0,0
8360,-14071,375,14059,181,-13503,-24751,0,-889,24,889,11,-854,-1565,0,0,0,0,0,0,0,0
8370,-14088,376,14077,181,-13520,-24782,0,-889,24,889,11,-854,-1565,0,0,0,0,0,0,0,0
8380,-14106,376,14095,182,-13537,-24813,0,-889,24,889,11,-854,-1565,0,0,0,0,0,0,0,0
8390,-14124,377,14112,182,-13554,-24844,0,-889,24,889,11,-854,-1565,0,0,0,0,0,0,0,0
8400,-14142,377,14130,182,-13571,-24876,0,-889,24,889,11,-854,-1565,0,0,0,0,0,0,0,0
8410,-14160,377,14148,182,-13588,-24907,0,-889,24,889,11,-854,-1565,0,0,0,0,0,0,0,0
8420,-14177,378,14166,183,-13605,-24938,0,-889,24,889,11,-854,-1565,0,0,0,0,0,0,0,0
8430,-14195,378,14184,183,-13622,-24970,0,-889,24,889,11,-854,-1565,0,0,0,0,0,0,0,0
8440,-14213,379,14201,183,-13639,-25001,0,-889,24,889,11,-854,-1565,0,0,0,0,0,0,0,0
8450,-14231,379,14219,183,-13656,-25032,0,-889,24,889,11,-854,-1565,0,0,0,0,0,0,0,0
8460,-14248,380,14237,183,-13674,-25063,0,-889,24,889,11,-854,-1565,0,0,0,0,0,0,0,0
8470,-14266,380,14255,184,-13691,-25095,0,-889,24,889,11,-854,-1565,0,0,0,0,0,0,0,0
8480,-14284,381,14272,184,-13708,-25126,0,-889,24,889,11,-854,-1565,0,0,0,0,0,0,0,0
8490,-14302,381,14290,184,-13725,-25157,0,-889,24,889,11,-854,-1565,0,0,0,0,0,0,0,0
8500,-14320,382,14308,184,-13742,-25189,0,-889,24,889,11,-854,-1565,0,0,0,0,0,0,0,0
8510,-14337,382,14326,185,-13759,-25220,0,-889,24,889,11,-854,-1565,0,0,0,0,0,0,0,0
8520,-14355,383,14344,185,-13776,-25251,0,-889,24,889,11,-854,-1565,0,0,0,0,0,0,0,0
8530,-14373,383,14361,185,-13793,-25282,0,-889,24,889,11,-854,-1565,0,0,0,0,0,0,0,0
8540,-14391,384,14379,185,-13810,-25314,0,-889,24,889,11,-854,-1565,0,0,0,0,0,0,0,0
8550,-14409,384,14397,186,-13827,-25345,0,-889,24,889,11,-854,-1565,0,0,0,0,0,0,0,0
8560,-14426,385,14415,186,-13844,-25376,0,-889,24,889,11,-854,-1565,0,0,0,0,0,0,0,0
8570,-14444,385,14432,186,-13861,-25408,0,-889,24,889,11,-854,-1565,0,0,0,0,0,0,0,0
8580,-14462,386,14450,186,-13878,-25439,0,-889,24,889,11,-854,-1565,0,0,0,0,0,0,0,0
8590,-14480,386,14468,186,-13895,-25470,0,-889,24,889,11,-854,-1565,0,0,0,0,0,0,0,0
8600,-14498,387,14486,187,-13913,-25501,0,-889,24,889,11,-854,-1565,0,0,0,0,0,0,0,0
8610,-14515,387,14503,187,-13930,-25533,0,-889,24,889,11,-854,-1565,0,0,0,0,0,0,0,0
8620,-14533,387,14521,187,-13947,-25564,0,-889,24,889,11,-854,-1565,0,0,0,0,0,0,0,0
8630,-14551,388,14539,187,-13964,-25595,0,-889,24,889,11,-854,-1565,0,0,0,0,0,0,0,0
8640,-14569,388,14557,188,-13981,-25627,0,-889,24,889,11,-854,-1565,0,0,0,0,0,0,0,0
8650,-14586,389,14575,188,-13998,-25658,0,-889,24,889,11,-854,-1565,0,0,0,0,0,0,0,0
8660,-14604,389,14592,188,-14015,-25689,0,-889,24,889,11,-854,-1565,0,0,0,0,0,0,0,0
8670,-14622,390,14610,188,-14032,-25721,0,-889,24,889,11,-854,-1565,0,0,0,0,0,0,0,0
8680,-14640,390,14628,189,-14049,-25752,0,-889,24,889,11,-854,-1565,0,0,0,0,0,0,0,0
8690,-14658,391,14646,189,-14066,-25783,0,-889,24,889,11,-854,-1565,0,0,0,0,0,0,0,0
8700,-14675,391,14663,189,-14083,-25814,0,-889,24,889,11,-854,-1565,0,0,0,0,0,0,0,0
8710,-14693,392,14681,189,-14100,-25846,0,-889,24,889,11,-854,-1565,0,0,0,0,0,0,0,0
8720,-14711,392,14699,189,-14117,-25877,0,-889,24,889,11,-854,-1565,0,0,0,0,0,0,0,0
8730,-14729,393,14717,190,-14134,-25908,0,-889,24,889,11,-854,-1565,0,0,0,0,0,0,0,0
8740,-14747,393,14735,190,-14152,-25940,0,-889,24,889,11,-854,-1565,0,0,0,0,0,0,0,0
8750,-14764,394,14752,190,-14169,-25971,0,-889,24,889,11,-854,-1565,0,0,0,0,0,0,0,0
8760,-14782,394,14770,190,-14186,-26002,0,-889,24,889,11,-854,-1565,0,0,0,0,0,0,0,0
8770,-14800,395,14788,191,-14203,-26033,0,-889,24,889,11,-854,-1565,0,0,0,0,0,0,0,0
8780,-14818,395,14806,191,-14220,-26065,0,-889,24,889,11,-854,-1565,0,0,0,0,0,0,0,0
8790,-14835,396,14823,191,-14237,-26096,0,-889,24,889,11,-854,-1565,0,0,0,0,0,0,0,0
8800,-14853,396,14841,191,-14254,-26127,0,-889,24,889,11,-854,-1565,0,0,0,0,0,0,0,0
8810,-14871,396,14859,191,-14271,-26159,0,-889,24,889,11,-854,-1565,0,0,0,0,0,0,0,0
8820,-14889,397,14877,192,-14288,-26190,0,-889,24,889,11,-854,-1565,0,0,0,0,0,0,0,0
8830,-14907,397,14895,192,-14305,-26221,0,-889,24,889,11,-854,-1565,0,0,0,0,0,0,0,0
8840,-14924,398,14912,192,-14322,-26252,0,-889,24,889,11,-854,-1565,0,0,0,0,0,0,0,0
8850,-14942,398,14930,192,-14339,-26284,0,-889,24,889,11,-854,-1565,0,0,0,0,0,0,0,0
8860,-14960,399,14948,193,-14356,-26315,0,-889,24,889,11,-854,-1565,0,0,0,0,0,0,0,0
8870,-14978,399,14966,193,-14373,-26346,0,-889,24,889,11,-854,-1565,0,0,0,0,0,0,0,0
8880,-14996,400,14983,193,-14391,-26378,0,-889,24,889,11,-854,-1565,0,0,0,0,0,0,0,0
8890,-15013,400,15001,193,-14408,-26409,0,-889,24,889,11,-854,-1565,0,0,0,0,0,0,0,0
8900,-15031,401,15019,194,-14425,-26440,0,-889,24,889,11,-854,-1565,0,0,0,0,0,0,0,0
8910,-15049,401,15037,194,-14442,-26471,0,-889,24,889,11,-854,-1565,0,0,0,0,0,0,0,0
8920,-15067,402,15054,194,-14459,-26503,0,-889,24,889,11,-854,-1565,0,0,0,0,0,0,0,0
8930,-15085,402,15072,194,-14476,-26534,0,-889,24,889,11,-854,-1565,0,0,0,0,0,0,0,0
8940,-15102,403,15090,194,-14493,-26565,0,-889,24,889,11,-854,-1565,0,0,0,0,0,0,0,0
8950,-15120,403,15108,195,-14510,-26597,0,-889,24,889,11,-854,-1565,0,0,0,0,0,0,0,0
8960,-15138,404,15126,195,-14527,-26628,0,-889,24,889,11,-854,-1565,0,0,0,0,0,0,0,0
8970,-15156,404,15143,195,-14544,-26659,0,-889,24,889,11,-854,-1565,0,0,0,0,0,0,0,0
8980,-15173,405,15161,195,-14561,-26691,0,-889,24,889,11,-854,-1565,0,0,0,0,0,0,0,0
8990,-15191,405,15179,196,-14578,-26722,0,-889,24,889,11,-854,-1565,0,0,0,0,0,0,0,0
9000,-15209,405,15197,196,-14595,-26753,0,-889,24,889,11,-854,-1565,0,0,0,0,0,0,0,0
9010,-15227,406,15214,196,-14612,-26784,0,-889,24,889,11,-854,-1565,0,0,0,0,0,0,0,0
9020,-15245,406,15232,196,-14630,-26816,0,-889,24,889,11,-854,-1565,0,0,0,0,0,0,0,0
9030,-15262,407,15250,197,-14647,-26847,0,-889,24,889,11,-854,-1565,0,0,0,0,0,0,0,0
9040,-15280,407,15268,197,-14664,-26878,0,-889,24,889,11,-854,-1565,0,0,0,0,0,0,0,0
9050,-15298,408,15286,197,-14681,-26910,0,-889,24,889,11,-854,-1565,0,0,0,0,0,0,0,0
9060,-15316,408,15303,197,-14698,-26941,0,-889,24,889,11,-854,-1565,0,0,0,0,0,0,0,0
9070,-15351,409,15339,198,-14732,-27003,0,-889,24,889,11,-854,-1565,0,0,0,0,0,0,0,0
9080,-15369,410,15357,198,-14749,-27035,0,-889,24,889,11,-854,-1565,0,0,0,0,0,0,0,0
9090,-15387,410,15374,198,-14766,-27066,0,-889,24,889,11,-854,-1565,0,0,0,0,0,0,0,0
9100,-15405,411,15392,198,-14783,-27097,0,-889,24,889,11,-854,-1565,0,0,0,0,0,0,0,0
9110,-15423,411,15410,199,-14800,-27129,0,-889,24,889,11,-854,-1565,0,0,0,0,0,0,0,0
9120,-15440,412,15428,199,-14817,-27160,0,-889,24,889,11,-854,-1565,0,0,0,0,0,0,0,0
9130,-15458,412,15446,199,-14834,-27191,0,-889,24,889,11,-854,-1565,0,0,0,0,0,0,0,0
9140,-15476,413,15463,199,-14851,-27222,0,-889,24,889,11,-854,-1565,0,0,0,0,0,0,0,0
9150,-15494,413,15481,200,-14868,-27254,0,-889,24,889,11,-854,-1565,0,0,0,0,0,0,0,0
9160,-15511,414,15499,200,-14886,-27285,0,-889,24,889,11,-854,-1565,0,0,0,0,0,0,0,0
9170,-15529,414,15517,200,-14903,-27316,0,-889,24,889,11,-854,-1565,0,0,0,0,0,0,0,0
9180,-15547,414,15534,200,-14920,-27348,0,-889,24,889,11,-854,-1565,0,0,0,0,0,0,0,0
9190,-15565,415,15552,200,-14937,-27379,0,-889,24,889,11,-854,-1565,0,0,0,0,0,0,0,0
9200,-15583,415,15570,201,-14954,-27410,0,-889,24,889,11,-854,-1565,0,0,0,0,0,0,0,0
9210,-15600,416,15588,201,-14971,-27441,0,-889,24,889,11,-854,-1565,0,0,0,0,0,0,0,0
9220,-15618,416,15605,201,-14988,-27473,0,-889,24,889,11,-854,-1565,0,0,0,0,0,0,0,0
9230,-15636,417,15623,201,-15005,-27504,0,-889,24,889,11,-854,-1565,0,0,0,0,0,0,0,0
9240,-15654,417,15641,202,-15022,-27535,0,-889,24,889,11,-854,-1565,0,0,0,0,0,0,0,0
9250,-15672,418,15659,202,-15039,-27567,0,-889,24,889,11,-854,-1565,0,0,0,0,0,0,0,0
9260,-15689,418,15677,202,-15056,-27598,0,-889,24,889,11,-854,-1565,0,0,0,0,0,0,0,0
9270,-15707,419,15694,202,-15073,-27629,0,-889,24,889,11,-854,-1565,0,0,0,0,0,0,0,0
9280,-15725,419,15712,202,-15090,-27661,0,-889,24,889,11,-854,-1565,0,0,0,0,0,0,0,0
9290,-15743,420,15730,203,-15107,-27692,0,-889,24,889,11,-854,-1565,0,0,0,0,0,0,0,0
9300,-15760,420,15748,203,-15125,-27723,0,-889,24,889,11,-854,-1565,0,0,0,0,0,0,0,0
9310,-15778,421,15765,203,-15142,-27754,0,-889,24,889,11,-854,-1565,0,0,0,0,0,0,0,0
9320,-15796,421,15783,203,-15159,-27786,0,-889,24,889,11,-854,-1565,0,0,0,0,0,0,0,0
9330,-15814,422,15801,204,-15176,-27817,0,-889,24,889,11,-854,-1565,0,0,0,0,0,0,0,0
9340,-15832,422,15819,204,-15193,-27848,0,-889,24,889,11,-854,-1565,0,0,0,0,0,0,0,0
9350,-15849,423,15837,204,-15210,-27880,0,-889,24,889,11,-854,-1565,0,0,0,0,0,0,0,0
9360,-15867,423,15854,204,-15227,-27911,0,-889,24,889,11,-854,-1565,0,0,0,0,0,0,0,0
9370,-15885,423,15872,205,-15244,-27942,0,-889,24,889,11,-854,-1565,0,0,0,0,0,0,0,0
9380,-15903,424,15890,205,-15261,-27973,0,-889,24,889,11,-854,-1565,0,0,0,0,0,0,0,0
9390,-15921,424,15908,205,-15278,-28005,0,-889,24,889,11,-854,-1565,0,0,0,0,0,0,0,0
9400,-15938,425,15925,205,-15295,-28036,0,-889,24,889,11,-854,-1565,0,0,0,0,0,0,0,0
9410,-15956,425,15943,205,-15312,-28067,0,-889,24,889,11,-854,-1565,0,0,0,0,0,0,0,0
9420,-15974,426,15961,206,-15329,-28099,0,-889,24,889,11,-854,-1565,0,0,0,0,0,0,0,0
9430,-15992,426,15979,206,-15346,-28130,0,-889,24,889,11,-854,-1565,0,0,0,0,0,0,0,0
9440,-16010,427,15997,206,-15364,-28161,0,-889,24,889,11,-854,-1565,0,0,0,0,0,0,0,0
9450,-16027,427,16014,206,-15381,-28192,0,-889,24,889,11,-854,-1565,0,0,0,0,0,0,0,0
9460,-16045,428,16032,207,-15398,-28224,0,-889,24,889,11,-854,-1565,0,0,0,0,0,0,0,0
9470,-16063,428,16050,207,-15415,-28255,0,-889,24,889,11,-854,-1565,0,0,0,0,0,0,0,0
9480,-16081,429,16068,207,-15432,-28286,0,-889,24,889,11,-854,-1565,0,0,0,0,0,0,0,0
9490,-16098,429,16085,207,-15449,-28318,0,-889,24,889,11,-854,-1565,0,0,0,0,0,0,0,0
9500,-16116,430,16103,208,-15466,-28349,0,-889,24,889,11,-854,-1565,0,0,0,0,0,0,0,0
9510,-16134,430,16121,208,-15483,-28380,0,-889,24,889,11,-854,-1565,0,0,0,0,0,0,0,0
9520,-16152,431,16139,208,-15500,-28411,0,-889,24,889,11,-854,-1565,0,0,0,0,0,0,0,0
9530,-16170,431,16156,208,-15517,-28443,0,-889,24,889,11,-854,-1565,0,0,0,0,0,0,0,0
9540,-16187,432,16174,208,-15534,-28474,0,-887,24,886,11,-851,-1561,0,111,-3,-111,-1,107,196,0
9550,-16205,432,16192,209,-15551,-28505,0,-878,23,878,11,-843,-1545,0,445,-12,-444,-6,427,782,0
9560,-16223,432,16209,209,-15568,-28536,0,-869,23,869,11,-834,-1529,0,445,-12,-444,-6,427,782,0
9570,-16240,433,16227,209,-15585,-28566,0,-861,23,860,11,-826,-1514,0,445,-12,-444,-6,427,782,0
9580,-16257,433,16244,209,-15601,-28596,0,-852,23,851,11,-817,-1498,0,445,-12,-444,-6,427,782,0
9590,-16274,434,16261,210,-15617,-28626,0,-843,22,842,11,-809,-1482,0,445,-12,-444,-6,427,782,0
9600,-16291,434,16277,210,-15633,-28656,0,-834,22,833,11,-800,-1467,0,445,-12,-444,-6,427,782,0
9610,-16307,435,16294,210,-15649,-28685,0,-825,22,824,11,-792,-1451,0,445,-12,-444,-6,427,782,0
9620,-16324,435,16310,210,-15665,-28714,0,-816,22,815,11,-783,-1435,0,445,-12,-444,-6,427,782,0
9630,-16340,436,16327,210,-15681,-28742,0,-807,22,806,10,-775,-1420,0,445,-12,-444,-6,427,782,0
9640,-16356,436,16343,211,-15696,-28771,0,-798,21,798,10,-766,-1404,0,445,-12,-444,-6,427,782,0
9650,-16372,436,16359,211,-15711,-28798,0,-789,21,789,10,-758,-1388,0,445,-12,-444,-6,427,782,0
9660,-16388,437,16374,211,-15726,-28826,0,-780,21,780,10,-749,-1373,0,445,-12,-444,-6,427,782,0
9670,-16403,437,16390,211,-15741,-28853,0,-772,21,771,10,-740,-1357,0,445,-12,-444,-6,427,782,0
9680,-16418,438,16405,211,-15756,-28880,0,-763,20,762,10,-732,-1342,0,445,-12,-444,-6,427,782,0
9690,-16434,438,16420,212,-15770,-28907,0,-754,20,753,10,-723,-1326,0,445,-12,-444,-6,427,782,0
9700,-16449,439,16435,212,-15785,-28933,0,-745,20,744,10,-715,-1310,0,445,-12,-444,-6,427,782,0
9710,-16463,439,16450,212,-15799,-28959,0,-736,20,735,9,-706,-1295,0,445,-12,-444,-6,427,782,0
9720,-16478,439,16465,212,-15813,-28985,0,-727,19,727,9,-698,-1279,0,445,-12,-444,-6,427,782,0
9730,-16492,440,16479,212,-15827,-29011,0,-718,19,718,9,-689,-1263,0,445,-12,-444,-6,427,782,0
9740,-16507,440,16493,213,-15841,-29036,0,-709,19,709,9,-681,-1248,0,445,-12,-444,-6,427,782,0
9750,-16521,440,16507,213,-15854,-29061,0,-700,19,700,9,-672,-1232,0,445,-12,-444,-6,427,782,0
9760,-16535,441,16521,213,-15868,-29085,0,-692,18,691,9,-664,-1216,0,445,-12,-444,-6,427,782,0
9770,-16548,441,16535,213,-15881,-29109,0,-683,18,682,9,-655,-1201,0,445,-12,-444,-6,427,782,0
9780,-16562,442,16549,213,-15894,-29133,0,-674,18,673,9,-647,-1185,0,445,-12,-444,-6,427,782,0
9790,-16575,442,16562,213,-15907,-29157,0,-665,18,664,9,-638,-1169,0,445,-12,-444,-6,427,782,0
9800,-16589,442,16575,214,-15919,-29180,0,-656,17,655,8,-629,-1154,0,445,-12,-444,-6,427,782,0
9810,-16602,443,16588,214,-15932,-29203,0,-647,17,647,8,-621,-1138,0,445,-12,-444,-6,427,782,0
9820,-16614,443,16601,214,-15944,-29225,0,-638,17,638,8,-612,-1123,0,445,-12,-444,-6,427,782,0
9830,-16627,443,16614,214,-15956,-29248,0,-629,17,629,8,-604,-1107,0,445,-12,-444,-6,427,782,0
9840,-16640,444,16626,214,-15968,-29270,0,-620,17,620,8,-595,-1091,0,445,-12,-444,-6,427,782,0
9850,-16652,444,16638,214,-15980,-29291,0,-611,16,611,8,-587,-1076,0,445,-12,-444,-6,427,782,0
9860,-16664,444,16651,215,-15992,-29313,0,-603,16,602,8,-578,-1060,0,445,-12,-444,-6,427,782,0
9870,-16676,445,16663,215,-16003,-29334,0,-594,16,593,8,-570,-1044,0,445,-12,-444,-6,427,782,0
9880,-16688,445,16674,215,-16015,-29354,0,-585,16,584,8,-561,-1029,0,445,-12,-444,-6,427,782,0
9890,-16699,445,16686,215,-16026,-29375,0,-576,15,575,7,-553,-1013,0,445,-12,-444,-6,427,782,0
9900,-16711,446,16697,215,-16037,-29395,0,-567,15,567,7,-544,-997,0,445,-12,-444,-6,427,782,0
9910,-16722,446,16709,215,-16047,-29415,0,-558,15,558,7,-536,-982,0,445,-12,-444,-6,427,782,0
9920,-16733,446,16720,215,-16058,-29434,0,-549,15,549,7,-527,-966,0,445,-12,-444,-6,427,782,0
9930,-16744,446,16731,216,-16069,-29453,0,-540,14,540,7,-519,-950,0,445,-12,-444,-6,427,782,0
9940,-16755,447,16741,216,-16079,-29472,0,-531,14,531,7,-510,-935,0,445,-12,-444,-6,427,782,0
9950,-16765,447,16752,216,-16089,-29491,0,-523,14,522,7,-501,-919,0,445,-12,-444,-6,427,782,0
9960,-16776,447,16762,216,-16099,-29509,0,-514,14,513,7,-493,-903,0,445,-12,-444,-6,427,782,0
9970,-16786,448,16772,216,-16109,-29527,0,-505,13,504,6,-484,-888,0,445,-12,-444,-6,427,782,0
9980,-16796,448,16782,216,-16118,-29544,0,-496,13,495,6,-476,-872,0,445,-12,-444,-6,427,782,0
9990,-16806,448,16792,216,-16128,-29562,0,-487,13,487,6,-467,-857,0,445,-12,-444,-6,427,782,0
10000,-16815,448,16802,217,-16137,-29579,0,-478,13,478,6,-459,-841,0,445,-12,-444,-6,427,782,0
10010,-16825,449,16811,217,-16146,-29595,0,-469,13,469,6,-450,-825,0,445,-12,-444,-6,427,782,0
10020,-16834,449,16820,217,-16155,-29612,0,-460,12,460,6,-442,-810,0,445,-12,-444,-6,427,782,0
10030,-16843,449,16830,217,-16164,-29628,0,-451,12,451,6,-433,-794,0,445,-12,-444,-6,427,782,0
10040,-16852,449,16839,217,-16172,-29644,0,-442,12,442,6,-425,-778,0,445,-12,-444,-6,427,782,0
10050,-16861,450,16847,217,-16181,-29659,0,-434,12,433,6,-416,-763,0,445,-12,-444,-6,427,782,0
10060,-16870,450,16856,217,-16189,-29674,0,-425,11,424,5,-408,-747,0,445,-12,-444,-6,427,782,0
10070,-16878,450,16864,217,-16197,-29689,0,-416,11,415,5,-399,-731,0,445,-12,-444,-6,427,782,0
10080,-16886,450,16872,217,-16205,-29703,0,-407,11,407,5,-390,-716,0,445,-12,-444,-6,427,782,0
10090,-16894,450,16881,218,-16213,-29717,0,-398,11,398,5,-382,-700,0,445,-12,-444,-6,427,782,0
10100,-16902,451,16888,218,-16220,-29731,0,-389,10,389,5,-373,-684,0,445,-12,-444,-6,427,782,0
10110,-16910,451,16896,218,-16228,-29745,0,-380,10,380,5,-365,-669,0,445,-12,-444,-6,427,782,0
10120,-16917,451,16904,218,-16235,-29758,0,-371,10,371,5,-356,-653,0,445,-12,-444,-6,427,782,0
10130,-16925,451,16911,218,-16242,-29771,0,-362,10,362,5,-348,-638,0,445,-12,-444,-6,427,782,0
10140,-16932,451,16918,218,-16249,-29784,0,-354,9,353,5,-339,-622,0,445,-12,-444,-6,427,782,0
10150,-16939,452,16925,218,-16255,-29796,0,-345,9,344,4,-331,-606,0,445,-12,-444,-6,427,782,0
10160,-16946,452,16932,218,-16262,-29808,0,-336,9,335,4,-322,-591,0,445,-12,-444,-6,427,782,0
10170,-16952,452,16938,218,-16268,-29819,0,-327,9,327,4,-314,-575,0,445,-12,-444,-6,427,782,0
10180,-16959,452,16945,218,-16274,-29831,0,-318,8,318,4,-305,-559,0,445,-12,-444,-6,427,782,0
10190,-16965,452,16951,218,-16280,-29842,0,-309,8,309,4,-297,-544,0,445,-12,-444,-6,427,782,0
10200,-16971,452,16957,219,-16286,-29853,0,-300,8,300,4,-288,-528,0,445,-12,-444,-6,427,782,0
10210,-16977,453,16963,219,-16292,-29863,0,-291,8,291,4,-280,-512,0,445,-12,-444,-6,427,782,0
10220,-16983,453,16969,219,-16297,-29873,0,-282,8,282,4,-271,-497,0,445,-12,-444,-6,427,782,0
10230,-16988,453,16974,219,-16303,-29883,0,-273,7,273,4,-262,-481,0,445,-12,-444,-6,427,782,0
10240,-16994,453,16980,219,-16308,-29892,0,-265,7,264,3,-254,-465,0,445,-12,-444,-6,427,782,0
10250,-16999,453,16985,219,-16313,-29901,0,-256,7,255,3,-245,-450,0,445,-12,-444,-6,427,782,0
10260,-17004,453,16990,219,-16318,-29910,0,-247,7,247,3,-237,-434,0,445,-12,-444,-6,427,782,0
10270,-17009,453,16995,219,-16322,-29919,0,-238,6,238,3,-228,-419,0,445,-12,-444,-6,427,782,0
10280,-17013,454,17000,219,-16327,-29927,0,-229,6,229,3,-220,-403,0,445,-12,-444,-6,427,782,0
10290,-17018,454,17004,219,-16331,-29935,0,-220,6,220,3,-211,-387,0,445,-12,-444,-6,427,782,0
10300,-17022,454,17008,219,-16335,-29942,0,-211,6,211,3,-203,-372,0,445,-12,-444,-6,427,782,0
10310,-17026,454,17013,219,-16339,-29950,0,-202,5,202,3,-194,-356,0,445,-12,-444,-6,427,782,0
10320,-17030,454,17016,219,-16343,-29957,0,-193,5,193,2,-186,-340,0,445,-12,-444,-6,427,782,0
10330,-17034,454,17020,219,-16347,-29963,0,-185,5,184,2,-177,-325,0,445,-12,-444,-6,427,782,0
10340,-17038,454,17024,219,-16350,-29970,0,-176,5,176,2,-169,-309,0,445,-12,-444,-6,427,782,0
10350,-17041,454,17027,219,-16353,-29976,0,-167,4,167,2,-160,-293,0,445,-12,-444,-6,427,782,0
10360,-17044,454,17030,219,-16357,-29981,0,-158,4,158,2,-151,-278,0,445,-12,-444,-6,427,782,0
10370,-17047,454,17034,220,-16360,-29987,0,-149,4,149,2,-143,-262,0,445,-12,-444,-6,427,782,0
10380,-17050,455,17036,220,-16362,-29992,0,-140,4,140,2,-134,-246,0,445,-12,-444,-6,427,782,0
10390,-17053,455,17039,220,-16365,-29997,0,-131,3,131,2,-126,-231,0,445,-12,-444,-6,427,782,0
10400,-17056,455,17042,220,-16367,-30001,0,-122,3,122,2,-117,-215,0,445,-12,-444,-6,427,782,0
10410,-17058,455,17044,220,-16370,-30005,0,-113,3,113,1,-109,-199,0,445,-12,-444,-6,427,782,0
10420,-17060,455,17046,220,-16372,-30009,0,-105,3,104,1,-100,-184,0,445,-12,-444,-6,427,782,0
10430,-17062,455,17048,220,-16374,-30013,0,-96,3,96,1,-92,-168,0,445,-12,-444,-6,427,782,0
10440,-17064,455,17050,220,-16375,-30016,0,-87,2,87,1,-83,-153,0,445,-12,-444,-6,427,782,0
10450,-17066,455,17052,220,-16377,-30019,0,-78,2,78,1,-75,-137,0,445,-12,-444,-6,427,782,0
10460,-17067,455,17053,220,-16378,-30021,0,-69,2,69,1,-66,-121,0,445,-12,-444,-6,427,782,0
10470,-17068,455,17054,220,-16380,-30024,0,-60,2,60,1,-58,-106,0,445,-12,-444,-6,427,782,0
10480,-17069,455,17056,220,-16381,-30026,0,-51,1,51,1,-49,-90,0,445,-12,-444,-6,427,782,0
10490,-17070,455,17056,220,-16382,-30027,0,-42,1,42,1,-41,-74,0,445,-12,-444,-6,427,782,0
10500,-17071,455,17057,220,-16382,-30029,0,-33,1,33,0,-32,-59,0,445,-12,-444,-6,427,782,0
10510,-17072,455,17058,220,-16383,-30030,0,-24,1,24,0,-23,-43,0,445,-12,-444,-6,427,782,0
10520,-17072,455,17058,220,-16383,-30030,0,-16,0,16,0,-15,-27,0,445,-12,-444,-6,427,782,0
10530,-17072,455,17058,220,-16383,-30031,0,-7,0,7,0,-6,-12,0,445,-12,-444,-6,427,782,0